AvgSpotLen,DATASTORE_filetype,DATASTORE_provider,DATASTORE_region,Experiment,Library_Name,MBases,MBytes,Run,Assay_Type,BioProject,BioSample,BioSampleModel,Center_Name,Consent,InsertSize,Instrument,LibraryLayout,LibrarySelection,LibrarySource,LoadDate,Organism,Platform,ReleaseDate,SRA_Sample,SRA_Study,Sample_Name,collection_date,geo_loc_name,isolation_source,lat_lon
518,fastq run.zq sra,gs s3 sra-sos,gs.US s3.us-east-1 sra-sos.be-md sra-sos.st-va,SRX6459049,SAMPLE.719.GF.II.8.15,5,3,SRR9700829,AMPLICON,PRJNA551019,SAMN12137455,Metagenome or environmental,UNIVERSITY OF VIENNA,public,0,Illumina MiSeq,PAIRED,PCR,GENOMIC,17/07/2019,soil metagenome,ILLUMINA,31/08/2019,SRS5110338,SRP215159,MicroN,21/06/2016,Austria,soil,47.49 N 14.10 E
519,fastq run.zq sra,gs s3 sra-sos,gs.US s3.us-east-1 sra-sos.be-md sra-sos.st-va,SRX6459048,SAMPLE.721.GA5.30,10,6,SRR9700830,AMPLICON,PRJNA551019,SAMN12137455,Metagenome or environmental,UNIVERSITY OF VIENNA,public,0,Illumina MiSeq,PAIRED,PCR,GENOMIC,17/07/2019,soil metagenome,ILLUMINA,31/08/2019,SRS5110338,SRP215159,MicroN,21/06/2016,Austria,soil,47.49 N 14.10 E
517,fastq run.zq sra,gs s3 sra-sos,gs.US s3.us-east-1 sra-sos.be-md sra-sos.st-va,SRX6459047,SAMPLE.711.GP.8.15,2,1,SRR9700831,AMPLICON,PRJNA551019,SAMN12137455,Metagenome or environmental,UNIVERSITY OF VIENNA,public,0,Illumina MiSeq,PAIRED,PCR,GENOMIC,17/07/2019,soil metagenome,ILLUMINA,31/08/2019,SRS5110338,SRP215159,MicroN,21/06/2016,Austria,soil,47.49 N 14.10 E
516,fastq run.zq sra,gs s3 sra-sos,gs.US s3.us-east-1 sra-sos.be-md sra-sos.st-va,SRX6459046,SAMPLE.713.GF.II.5.15,3,2,SRR9700832,AMPLICON,PRJNA551019,SAMN12137455,Metagenome or environmental,UNIVERSITY OF VIENNA,public,0,Illumina MiSeq,PAIRED,PCR,GENOMIC,17/07/2019,soil metagenome,ILLUMINA,31/08/2019,SRS5110338,SRP215159,MicroN,21/06/2016,Austria,soil,47.49 N 14.10 E
517,fastq run.zq sra,gs s3 sra-sos,gs.US s3.us-east-1 sra-sos.be-md sra-sos.st-va,SRX6459045,SAMPLE.715.GF.II6.15,5,3,SRR9700833,AMPLICON,PRJNA551019,SAMN12137455,Metagenome or environmental,UNIVERSITY OF VIENNA,public,0,Illumina MiSeq,PAIRED,PCR,GENOMIC,17/07/2019,soil metagenome,ILLUMINA,31/08/2019,SRS5110338,SRP215159,MicroN,21/06/2016,Austria,soil,47.49 N 14.10 E
517,fastq run.zq sra,gs s3 sra-sos,gs.US s3.us-east-1 sra-sos.be-md sra-sos.st-va,SRX6459044,SAMPLE.717.GF.II.7.15,2,1,SRR9700834,AMPLICON,PRJNA551019,SAMN12137455,Metagenome or environmental,UNIVERSITY OF VIENNA,public,0,Illumina MiSeq,PAIRED,PCR,GENOMIC,17/07/2019,soil metagenome,ILLUMINA,31/08/2019,SRS5110338,SRP215159,MicroN,21/06/2016,Austria,soil,47.49 N 14.10 E
516,fastq run.zq sra,gs s3 sra-sos,gs.US s3.us-east-1 sra-sos.be-md sra-sos.st-va,SRX6459043,SAMPLE.703.GA8.15,4,2,SRR9700835,AMPLICON,PRJNA551019,SAMN12137455,Metagenome or environmental,UNIVERSITY OF VIENNA,public,0,Illumina MiSeq,PAIRED,PCR,GENOMIC,17/07/2019,soil metagenome,ILLUMINA,31/08/2019,SRS5110338,SRP215159,MicroN,21/06/2016,Austria,soil,47.49 N 14.10 E
516,fastq run.zq sra,gs s3 sra-sos,gs.US s3.us-east-1 sra-sos.be-md sra-sos.st-va,SRX6459042,SAMPLE.705.GP.5.15,2,1,SRR9700836,AMPLICON,PRJNA551019,SAMN12137455,Metagenome or environmental,UNIVERSITY OF VIENNA,public,0,Illumina MiSeq,PAIRED,PCR,GENOMIC,17/07/2019,soil metagenome,ILLUMINA,31/08/2019,SRS5110338,SRP215159,MicroN,21/06/2016,Austria,soil,47.49 N 14.10 E
515,fastq run.zq sra,gs s3 sra-sos,gs.US s3.us-east-1 sra-sos.be-md sra-sos.st-va,SRX6459041,SAMPLE.707.GP.6.15,3,2,SRR9700837,AMPLICON,PRJNA551019,SAMN12137455,Metagenome or environmental,UNIVERSITY OF VIENNA,public,0,Illumina MiSeq,PAIRED,PCR,GENOMIC,17/07/2019,soil metagenome,ILLUMINA,31/08/2019,SRS5110338,SRP215159,MicroN,21/06/2016,Austria,soil,47.49 N 14.10 E
517,fastq run.zq sra,gs s3 sra-sos,gs.US s3.us-east-1 sra-sos.be-md sra-sos.st-va,SRX6459040,SAMPLE.709.GP.7.15,3,1,SRR9700838,AMPLICON,PRJNA551019,SAMN12137455,Metagenome or environmental,UNIVERSITY OF VIENNA,public,0,Illumina MiSeq,PAIRED,PCR,GENOMIC,17/07/2019,soil metagenome,ILLUMINA,31/08/2019,SRS5110338,SRP215159,MicroN,21/06/2016,Austria,soil,47.49 N 14.10 E
520,fastq run.zq sra,gs s3 sra-sos,gs.US s3.us-east-1 sra-sos.be-md sra-sos.st-va,SRX6459039,SAMPLE.389.MP.5.30,9,6,SRR9700839,AMPLICON,PRJNA551019,SAMN12137455,Metagenome or environmental,UNIVERSITY OF VIENNA,public,0,Illumina MiSeq,PAIRED,PCR,GENOMIC,17/07/2019,soil metagenome,ILLUMINA,31/08/2019,SRS5110338,SRP215159,MicroN,21/06/2016,Austria,soil,47.49 N 14.10 E
520,fastq run.zq sra,gs s3 sra-sos,gs.US s3.us-east-1 sra-sos.be-md sra-sos.st-va,SRX6459038,SAMPLE.391.MP.6.30,3,2,SRR9700840,AMPLICON,PRJNA551019,SAMN12137455,Metagenome or environmental,UNIVERSITY OF VIENNA,public,0,Illumina MiSeq,PAIRED,PCR,GENOMIC,17/07/2019,soil metagenome,ILLUMINA,31/08/2019,SRS5110338,SRP215159,MicroN,21/06/2016,Austria,soil,47.49 N 14.10 E
519,fastq run.zq sra,gs s3 sra-sos,gs.US s3.us-east-1 sra-sos.be-md sra-sos.st-va,SRX6459037,SAMPLE.393.MP.7.30,8,5,SRR9700841,AMPLICON,PRJNA551019,SAMN12137455,Metagenome or environmental,UNIVERSITY OF VIENNA,public,0,Illumina MiSeq,PAIRED,PCR,GENOMIC,17/07/2019,soil metagenome,ILLUMINA,31/08/2019,SRS5110338,SRP215159,MicroN,21/06/2016,Austria,soil,47.49 N 14.10 E
520,fastq run.zq sra,gs s3 sra-sos,gs.US s3.us-east-1 sra-sos.be-md sra-sos.st-va,SRX6459036,SAMPLE.395.MP.8.30,8,5,SRR9700842,AMPLICON,PRJNA551019,SAMN12137455,Metagenome or environmental,UNIVERSITY OF VIENNA,public,0,Illumina MiSeq,PAIRED,PCR,GENOMIC,17/07/2019,soil metagenome,ILLUMINA,31/08/2019,SRS5110338,SRP215159,MicroN,21/06/2016,Austria,soil,47.49 N 14.10 E
520,fastq run.zq sra,gs s3 sra-sos,gs.US s3.us-east-1 sra-sos.be-md sra-sos.st-va,SRX6459035,SAMPLE.381.MA5.30,9,5,SRR9700843,AMPLICON,PRJNA551019,SAMN12137455,Metagenome or environmental,UNIVERSITY OF VIENNA,public,0,Illumina MiSeq,PAIRED,PCR,GENOMIC,17/07/2019,soil metagenome,ILLUMINA,31/08/2019,SRS5110338,SRP215159,MicroN,21/06/2016,Austria,soil,47.49 N 14.10 E
521,fastq run.zq sra,gs s3 sra-sos,gs.US s3.us-east-1 sra-sos.be-md sra-sos.st-va,SRX6459034,SAMPLE.383.MA6.30,5,3,SRR9700844,AMPLICON,PRJNA551019,SAMN12137455,Metagenome or environmental,UNIVERSITY OF VIENNA,public,0,Illumina MiSeq,PAIRED,PCR,GENOMIC,17/07/2019,soil metagenome,ILLUMINA,31/08/2019,SRS5110338,SRP215159,MicroN,21/06/2016,Austria,soil,47.49 N 14.10 E
519,fastq run.zq sra,gs s3 sra-sos,gs.US s3.us-east-1 sra-sos.be-md sra-sos.st-va,SRX6459033,SAMPLE.385.MA7.30,13,8,SRR9700845,AMPLICON,PRJNA551019,SAMN12137455,Metagenome or environmental,UNIVERSITY OF VIENNA,public,0,Illumina MiSeq,PAIRED,PCR,GENOMIC,17/07/2019,soil metagenome,ILLUMINA,31/08/2019,SRS5110338,SRP215159,MicroN,21/06/2016,Austria,soil,47.49 N 14.10 E
520,fastq run.zq sra,gs s3 sra-sos,gs.US s3.us-east-1 sra-sos.be-md sra-sos.st-va,SRX6459032,SAMPLE.387.MA8.30,2,1,SRR9700846,AMPLICON,PRJNA551019,SAMN12137455,Metagenome or environmental,UNIVERSITY OF VIENNA,public,0,Illumina MiSeq,PAIRED,PCR,GENOMIC,17/07/2019,soil metagenome,ILLUMINA,31/08/2019,SRS5110338,SRP215159,MicroN,21/06/2016,Austria,soil,47.49 N 14.10 E
520,fastq run.zq sra,gs s3 sra-sos,gs.US s3.us-east-1 sra-sos.be-md sra-sos.st-va,SRX6459031,SAMPLE.397.MF.II.5.30,5,3,SRR9700847,AMPLICON,PRJNA551019,SAMN12137455,Metagenome or environmental,UNIVERSITY OF VIENNA,public,0,Illumina MiSeq,PAIRED,PCR,GENOMIC,17/07/2019,soil metagenome,ILLUMINA,31/08/2019,SRS5110338,SRP215159,MicroN,21/06/2016,Austria,soil,47.49 N 14.10 E
519,fastq run.zq sra,gs s3 sra-sos,gs.US s3.us-east-1 sra-sos.be-md sra-sos.st-va,SRX6459030,SAMPLE.399.MF.II6.30,8,5,SRR9700848,AMPLICON,PRJNA551019,SAMN12137455,Metagenome or environmental,UNIVERSITY OF VIENNA,public,0,Illumina MiSeq,PAIRED,PCR,GENOMIC,17/07/2019,soil metagenome,ILLUMINA,31/08/2019,SRS5110338,SRP215159,MicroN,21/06/2016,Austria,soil,47.49 N 14.10 E
516,fastq run.zq sra,gs s3 sra-sos,gs.US s3.us-east-1 sra-sos.be-md sra-sos.st-va,SRX6459029,SAMPLE.861.MF.II.7.60,13,8,SRR9700849,AMPLICON,PRJNA551019,SAMN12137455,Metagenome or environmental,UNIVERSITY OF VIENNA,public,0,Illumina MiSeq,PAIRED,PCR,GENOMIC,17/07/2019,soil metagenome,ILLUMINA,31/08/2019,SRS5110338,SRP215159,MicroN,21/06/2016,Austria,soil,47.49 N 14.10 E
518,fastq run.zq sra,gs s3 sra-sos,gs.US s3.us-east-1 sra-sos.be-md sra-sos.st-va,SRX6459028,SAMPLE.859.MF.II6.60,11,6,SRR9700850,AMPLICON,PRJNA551019,SAMN12137455,Metagenome or environmental,UNIVERSITY OF VIENNA,public,0,Illumina MiSeq,PAIRED,PCR,GENOMIC,17/07/2019,soil metagenome,ILLUMINA,31/08/2019,SRS5110338,SRP215159,MicroN,21/06/2016,Austria,soil,47.49 N 14.10 E
518,fastq run.zq sra,gs s3 sra-sos,gs.US s3.us-east-1 sra-sos.be-md sra-sos.st-va,SRX6459027,SAMPLE.845.MA7.60,8,5,SRR9700851,AMPLICON,PRJNA551019,SAMN12137455,Metagenome or environmental,UNIVERSITY OF VIENNA,public,0,Illumina MiSeq,PAIRED,PCR,GENOMIC,17/07/2019,soil metagenome,ILLUMINA,31/08/2019,SRS5110338,SRP215159,MicroN,21/06/2016,Austria,soil,47.49 N 14.10 E
516,fastq run.zq sra,gs s3 sra-sos,gs.US s3.us-east-1 sra-sos.be-md sra-sos.st-va,SRX6459026,SAMPLE.843.MA6.60,4,2,SRR9700852,AMPLICON,PRJNA551019,SAMN12137455,Metagenome or environmental,UNIVERSITY OF VIENNA,public,0,Illumina MiSeq,PAIRED,PCR,GENOMIC,17/07/2019,soil metagenome,ILLUMINA,31/08/2019,SRS5110338,SRP215159,MicroN,21/06/2016,Austria,soil,47.49 N 14.10 E
517,fastq run.zq sra,gs s3 sra-sos,gs.US s3.us-east-1 sra-sos.be-md sra-sos.st-va,SRX6459025,SAMPLE.849.MP.5.60,9,5,SRR9700853,AMPLICON,PRJNA551019,SAMN12137455,Metagenome or environmental,UNIVERSITY OF VIENNA,public,0,Illumina MiSeq,PAIRED,PCR,GENOMIC,17/07/2019,soil metagenome,ILLUMINA,31/08/2019,SRS5110338,SRP215159,MicroN,21/06/2016,Austria,soil,47.49 N 14.10 E
517,fastq run.zq sra,gs s3,gs.US s3.us-east-1,SRX6459024,SAMPLE.847.MA8.60,12,7,SRR9700854,AMPLICON,PRJNA551019,SAMN12137455,Metagenome or environmental,UNIVERSITY OF VIENNA,public,0,Illumina MiSeq,PAIRED,PCR,GENOMIC,17/07/2019,soil metagenome,ILLUMINA,31/08/2019,SRS5110338,SRP215159,MicroN,21/06/2016,Austria,soil,47.49 N 14.10 E
517,fastq run.zq sra,gs s3,gs.US s3.us-east-1,SRX6459023,SAMPLE.853.MP.7.60,16,9,SRR9700855,AMPLICON,PRJNA551019,SAMN12137455,Metagenome or environmental,UNIVERSITY OF VIENNA,public,0,Illumina MiSeq,PAIRED,PCR,GENOMIC,17/07/2019,soil metagenome,ILLUMINA,31/08/2019,SRS5110338,SRP215159,MicroN,21/06/2016,Austria,soil,47.49 N 14.10 E
516,fastq run.zq sra,gs s3,gs.US s3.us-east-1,SRX6459022,SAMPLE.851.MP.6.60,11,6,SRR9700856,AMPLICON,PRJNA551019,SAMN12137455,Metagenome or environmental,UNIVERSITY OF VIENNA,public,0,Illumina MiSeq,PAIRED,PCR,GENOMIC,17/07/2019,soil metagenome,ILLUMINA,31/08/2019,SRS5110338,SRP215159,MicroN,21/06/2016,Austria,soil,47.49 N 14.10 E
516,fastq run.zq sra,gs s3 sra-sos,gs.US s3.us-east-1 sra-sos.be-md sra-sos.st-va,SRX6459021,SAMPLE.857.MF.II.5.60,13,7,SRR9700857,AMPLICON,PRJNA551019,SAMN12137455,Metagenome or environmental,UNIVERSITY OF VIENNA,public,0,Illumina MiSeq,PAIRED,PCR,GENOMIC,17/07/2019,soil metagenome,ILLUMINA,31/08/2019,SRS5110338,SRP215159,MicroN,21/06/2016,Austria,soil,47.49 N 14.10 E
519,fastq run.zq sra,gs s3,gs.US s3.us-east-1,SRX6459020,SAMPLE.855.MP.8.60,8,4,SRR9700858,AMPLICON,PRJNA551019,SAMN12137455,Metagenome or environmental,UNIVERSITY OF VIENNA,public,0,Illumina MiSeq,PAIRED,PCR,GENOMIC,17/07/2019,soil metagenome,ILLUMINA,31/08/2019,SRS5110338,SRP215159,MicroN,21/06/2016,Austria,soil,47.49 N 14.10 E
517,fastq run.zq sra,gs s3,gs.US s3.us-east-1,SRX6459019,SAMPLE.741.GF.II.7.30,1,0,SRR9700859,AMPLICON,PRJNA551019,SAMN12137455,Metagenome or environmental,UNIVERSITY OF VIENNA,public,0,Illumina MiSeq,PAIRED,PCR,GENOMIC,17/07/2019,soil metagenome,ILLUMINA,31/08/2019,SRS5110338,SRP215159,MicroN,21/06/2016,Austria,soil,47.49 N 14.10 E
517,fastq run.zq sra,gs s3,gs.US s3.us-east-1,SRX6459018,SAMPLE.739.GF.II6.30,5,3,SRR9700860,AMPLICON,PRJNA551019,SAMN12137455,Metagenome or environmental,UNIVERSITY OF VIENNA,public,0,Illumina MiSeq,PAIRED,PCR,GENOMIC,17/07/2019,soil metagenome,ILLUMINA,31/08/2019,SRS5110338,SRP215159,MicroN,21/06/2016,Austria,soil,47.49 N 14.10 E
516,fastq run.zq sra,gs s3,gs.US s3.us-east-1,SRX6459017,SAMPLE.729.GP.5.30,2,1,SRR9700861,AMPLICON,PRJNA551019,SAMN12137455,Metagenome or environmental,UNIVERSITY OF VIENNA,public,0,Illumina MiSeq,PAIRED,PCR,GENOMIC,17/07/2019,soil metagenome,ILLUMINA,31/08/2019,SRS5110338,SRP215159,MicroN,21/06/2016,Austria,soil,47.49 N 14.10 E
517,fastq run.zq sra,gs s3,gs.US s3.us-east-1,SRX6459016,SAMPLE.727.GA8.30,8,4,SRR9700862,AMPLICON,PRJNA551019,SAMN12137455,Metagenome or environmental,UNIVERSITY OF VIENNA,public,0,Illumina MiSeq,PAIRED,PCR,GENOMIC,17/07/2019,soil metagenome,ILLUMINA,31/08/2019,SRS5110338,SRP215159,MicroN,21/06/2016,Austria,soil,47.49 N 14.10 E
517,fastq run.zq sra,gs s3,gs.US s3.us-east-1,SRX6459015,SAMPLE.725.GA7.30,3,2,SRR9700863,AMPLICON,PRJNA551019,SAMN12137455,Metagenome or environmental,UNIVERSITY OF VIENNA,public,0,Illumina MiSeq,PAIRED,PCR,GENOMIC,17/07/2019,soil metagenome,ILLUMINA,31/08/2019,SRS5110338,SRP215159,MicroN,21/06/2016,Austria,soil,47.49 N 14.10 E
517,fastq run.zq sra,gs s3,gs.US s3.us-east-1,SRX6459014,SAMPLE.723.GA6.30,7,4,SRR9700864,AMPLICON,PRJNA551019,SAMN12137455,Metagenome or environmental,UNIVERSITY OF VIENNA,public,0,Illumina MiSeq,PAIRED,PCR,GENOMIC,17/07/2019,soil metagenome,ILLUMINA,31/08/2019,SRS5110338,SRP215159,MicroN,21/06/2016,Austria,soil,47.49 N 14.10 E
516,fastq run.zq sra,gs s3,gs.US s3.us-east-1,SRX6459013,SAMPLE.737.GF.II.5.30,0,0,SRR9700865,AMPLICON,PRJNA551019,SAMN12137455,Metagenome or environmental,UNIVERSITY OF VIENNA,public,0,Illumina MiSeq,PAIRED,PCR,GENOMIC,17/07/2019,soil metagenome,ILLUMINA,31/08/2019,SRS5110338,SRP215159,MicroN,21/06/2016,Austria,soil,47.49 N 14.10 E
519,fastq run.zq sra,gs s3,gs.US s3.us-east-1,SRX6459012,SAMPLE.735.GP.8.30,3,2,SRR9700866,AMPLICON,PRJNA551019,SAMN12137455,Metagenome or environmental,UNIVERSITY OF VIENNA,public,0,Illumina MiSeq,PAIRED,PCR,GENOMIC,17/07/2019,soil metagenome,ILLUMINA,31/08/2019,SRS5110338,SRP215159,MicroN,21/06/2016,Austria,soil,47.49 N 14.10 E
517,fastq run.zq sra,gs s3,gs.US s3.us-east-1,SRX6459011,SAMPLE.733.GP.7.30,7,4,SRR9700867,AMPLICON,PRJNA551019,SAMN12137455,Metagenome or environmental,UNIVERSITY OF VIENNA,public,0,Illumina MiSeq,PAIRED,PCR,GENOMIC,17/07/2019,soil metagenome,ILLUMINA,31/08/2019,SRS5110338,SRP215159,MicroN,21/06/2016,Austria,soil,47.49 N 14.10 E
518,fastq run.zq sra,gs s3,gs.US s3.us-east-1,SRX6459010,SAMPLE.731.GP.6.30,1,0,SRR9700868,AMPLICON,PRJNA551019,SAMN12137455,Metagenome or environmental,UNIVERSITY OF VIENNA,public,0,Illumina MiSeq,PAIRED,PCR,GENOMIC,17/07/2019,soil metagenome,ILLUMINA,31/08/2019,SRS5110338,SRP215159,MicroN,21/06/2016,Austria,soil,47.49 N 14.10 E
520,fastq run.zq sra,gs s3,gs.US s3.us-east-1,SRX6459009,SAMPLE.363.MA8.15,9,5,SRR9700869,AMPLICON,PRJNA551019,SAMN12137455,Metagenome or environmental,UNIVERSITY OF VIENNA,public,0,Illumina MiSeq,PAIRED,PCR,GENOMIC,17/07/2019,soil metagenome,ILLUMINA,31/08/2019,SRS5110338,SRP215159,MicroN,21/06/2016,Austria,soil,47.49 N 14.10 E
519,fastq run.zq sra,gs s3,gs.US s3.us-east-1,SRX6459008,SAMPLE.361.MA7.15,10,7,SRR9700870,AMPLICON,PRJNA551019,SAMN12137455,Metagenome or environmental,UNIVERSITY OF VIENNA,public,0,Illumina MiSeq,PAIRED,PCR,GENOMIC,17/07/2019,soil metagenome,ILLUMINA,31/08/2019,SRS5110338,SRP215159,MicroN,21/06/2016,Austria,soil,47.49 N 14.10 E
519,fastq run.zq sra,gs s3,gs.US s3.us-east-1,SRX6459007,SAMPLE.367.MP.6.15,12,7,SRR9700871,AMPLICON,PRJNA551019,SAMN12137455,Metagenome or environmental,UNIVERSITY OF VIENNA,public,0,Illumina MiSeq,PAIRED,PCR,GENOMIC,17/07/2019,soil metagenome,ILLUMINA,31/08/2019,SRS5110338,SRP215159,MicroN,21/06/2016,Austria,soil,47.49 N 14.10 E
522,fastq run.zq sra,gs s3,gs.US s3.us-east-1,SRX6459006,SAMPLE.365.MP.5.15,5,3,SRR9700872,AMPLICON,PRJNA551019,SAMN12137455,Metagenome or environmental,UNIVERSITY OF VIENNA,public,0,Illumina MiSeq,PAIRED,PCR,GENOMIC,17/07/2019,soil metagenome,ILLUMINA,31/08/2019,SRS5110338,SRP215159,MicroN,21/06/2016,Austria,soil,47.49 N 14.10 E
520,fastq run.zq sra,gs s3,gs.US s3.us-east-1,SRX6459005,SAMPLE.371.MP.8.15,10,6,SRR9700873,AMPLICON,PRJNA551019,SAMN12137455,Metagenome or environmental,UNIVERSITY OF VIENNA,public,0,Illumina MiSeq,PAIRED,PCR,GENOMIC,17/07/2019,soil metagenome,ILLUMINA,31/08/2019,SRS5110338,SRP215159,MicroN,21/06/2016,Austria,soil,47.49 N 14.10 E
521,fastq run.zq sra,gs s3,gs.US s3.us-east-1,SRX6459004,SAMPLE.369.MP.7.15,5,3,SRR9700874,AMPLICON,PRJNA551019,SAMN12137455,Metagenome or environmental,UNIVERSITY OF VIENNA,public,0,Illumina MiSeq,PAIRED,PCR,GENOMIC,17/07/2019,soil metagenome,ILLUMINA,31/08/2019,SRS5110338,SRP215159,MicroN,21/06/2016,Austria,soil,47.49 N 14.10 E
521,fastq run.zq sra,gs s3,gs.US s3.us-east-1,SRX6459003,SAMPLE.375.MF.II6.15,4,2,SRR9700875,AMPLICON,PRJNA551019,SAMN12137455,Metagenome or environmental,UNIVERSITY OF VIENNA,public,0,Illumina MiSeq,PAIRED,PCR,GENOMIC,17/07/2019,soil metagenome,ILLUMINA,31/08/2019,SRS5110338,SRP215159,MicroN,21/06/2016,Austria,soil,47.49 N 14.10 E
519,fastq run.zq sra,gs s3,gs.US s3.us-east-1,SRX6459002,SAMPLE.373.MF.II.5.15,4,2,SRR9700876,AMPLICON,PRJNA551019,SAMN12137455,Metagenome or environmental,UNIVERSITY OF VIENNA,public,0,Illumina MiSeq,PAIRED,PCR,GENOMIC,17/07/2019,soil metagenome,ILLUMINA,31/08/2019,SRS5110338,SRP215159,MicroN,21/06/2016,Austria,soil,47.49 N 14.10 E
520,fastq run.zq sra,gs s3,gs.US s3.us-east-1,SRX6459001,SAMPLE.379.MF.II.8.15,2,1,SRR9700877,AMPLICON,PRJNA551019,SAMN12137455,Metagenome or environmental,UNIVERSITY OF VIENNA,public,0,Illumina MiSeq,PAIRED,PCR,GENOMIC,17/07/2019,soil metagenome,ILLUMINA,31/08/2019,SRS5110338,SRP215159,MicroN,21/06/2016,Austria,soil,47.49 N 14.10 E
522,fastq run.zq sra,gs s3,gs.US s3.us-east-1,SRX6459000,SAMPLE.377.MF.II.7.15,11,7,SRR9700878,AMPLICON,PRJNA551019,SAMN12137455,Metagenome or environmental,UNIVERSITY OF VIENNA,public,0,Illumina MiSeq,PAIRED,PCR,GENOMIC,17/07/2019,soil metagenome,ILLUMINA,31/08/2019,SRS5110338,SRP215159,MicroN,21/06/2016,Austria,soil,47.49 N 14.10 E
516,fastq run.zq sra,gs s3,gs.US s3.us-east-1,SRX6458999,SAMPLE.871.MA8.90,8,5,SRR9700879,AMPLICON,PRJNA551019,SAMN12137455,Metagenome or environmental,UNIVERSITY OF VIENNA,public,0,Illumina MiSeq,PAIRED,PCR,GENOMIC,17/07/2019,soil metagenome,ILLUMINA,31/08/2019,SRS5110338,SRP215159,MicroN,21/06/2016,Austria,soil,47.49 N 14.10 E
517,fastq run.zq sra,gs s3,gs.US s3.us-east-1,SRX6458998,SAMPLE.873.MP.5.90,2,1,SRR9700880,AMPLICON,PRJNA551019,SAMN12137455,Metagenome or environmental,UNIVERSITY OF VIENNA,public,0,Illumina MiSeq,PAIRED,PCR,GENOMIC,17/07/2019,soil metagenome,ILLUMINA,31/08/2019,SRS5110338,SRP215159,MicroN,21/06/2016,Austria,soil,47.49 N 14.10 E
517,fastq run.zq sra,gs s3,gs.US s3.us-east-1,SRX6458997,SAMPLE.875.MP.6.90,6,4,SRR9700881,AMPLICON,PRJNA551019,SAMN12137455,Metagenome or environmental,UNIVERSITY OF VIENNA,public,0,Illumina MiSeq,PAIRED,PCR,GENOMIC,17/07/2019,soil metagenome,ILLUMINA,31/08/2019,SRS5110338,SRP215159,MicroN,21/06/2016,Austria,soil,47.49 N 14.10 E
517,fastq run.zq sra,gs s3,gs.US s3.us-east-1,SRX6458996,SAMPLE.877.MP.7.90,2,1,SRR9700882,AMPLICON,PRJNA551019,SAMN12137455,Metagenome or environmental,UNIVERSITY OF VIENNA,public,0,Illumina MiSeq,PAIRED,PCR,GENOMIC,17/07/2019,soil metagenome,ILLUMINA,31/08/2019,SRS5110338,SRP215159,MicroN,21/06/2016,Austria,soil,47.49 N 14.10 E
517,fastq run.zq sra,gs s3,gs.US s3.us-east-1,SRX6458995,SAMPLE.863.MF.II.8.60,6,3,SRR9700883,AMPLICON,PRJNA551019,SAMN12137455,Metagenome or environmental,UNIVERSITY OF VIENNA,public,0,Illumina MiSeq,PAIRED,PCR,GENOMIC,17/07/2019,soil metagenome,ILLUMINA,31/08/2019,SRS5110338,SRP215159,MicroN,21/06/2016,Austria,soil,47.49 N 14.10 E
518,fastq run.zq sra,gs s3,gs.US s3.us-east-1,SRX6458994,SAMPLE.865.MA5.90,12,7,SRR9700884,AMPLICON,PRJNA551019,SAMN12137455,Metagenome or environmental,UNIVERSITY OF VIENNA,public,0,Illumina MiSeq,PAIRED,PCR,GENOMIC,17/07/2019,soil metagenome,ILLUMINA,31/08/2019,SRS5110338,SRP215159,MicroN,21/06/2016,Austria,soil,47.49 N 14.10 E
516,fastq run.zq sra,gs s3,gs.US s3.us-east-1,SRX6458993,SAMPLE.867.MA6.90,6,3,SRR9700885,AMPLICON,PRJNA551019,SAMN12137455,Metagenome or environmental,UNIVERSITY OF VIENNA,public,0,Illumina MiSeq,PAIRED,PCR,GENOMIC,17/07/2019,soil metagenome,ILLUMINA,31/08/2019,SRS5110338,SRP215159,MicroN,21/06/2016,Austria,soil,47.49 N 14.10 E
517,fastq run.zq sra,gs s3,gs.US s3.us-east-1,SRX6458992,SAMPLE.869.MA7.90,16,9,SRR9700886,AMPLICON,PRJNA551019,SAMN12137455,Metagenome or environmental,UNIVERSITY OF VIENNA,public,0,Illumina MiSeq,PAIRED,PCR,GENOMIC,17/07/2019,soil metagenome,ILLUMINA,31/08/2019,SRS5110338,SRP215159,MicroN,21/06/2016,Austria,soil,47.49 N 14.10 E
521,fastq run.zq sra,gs s3,gs.US s3.us-east-1,SRX6458991,SAMPLE.437.MP.5.90,0,0,SRR9700887,AMPLICON,PRJNA551019,SAMN12137455,Metagenome or environmental,UNIVERSITY OF VIENNA,public,0,Illumina MiSeq,PAIRED,PCR,GENOMIC,17/07/2019,soil metagenome,ILLUMINA,31/08/2019,SRS5110338,SRP215159,MicroN,21/06/2016,Austria,soil,47.49 N 14.10 E
517,fastq run.zq sra,gs s3,gs.US s3.us-east-1,SRX6458990,SAMPLE.879.MP.8.90,3,2,SRR9700888,AMPLICON,PRJNA551019,SAMN12137455,Metagenome or environmental,UNIVERSITY OF VIENNA,public,0,Illumina MiSeq,PAIRED,PCR,GENOMIC,17/07/2019,soil metagenome,ILLUMINA,31/08/2019,SRS5110338,SRP215159,MicroN,21/06/2016,Austria,soil,47.49 N 14.10 E
518,fastq run.zq sra,gs s3,gs.US s3.us-east-1,SRX6458989,SAMPLE.881.MF.II.5.90,11,6,SRR9700889,AMPLICON,PRJNA551019,SAMN12137455,Metagenome or environmental,UNIVERSITY OF VIENNA,public,0,Illumina MiSeq,PAIRED,PCR,GENOMIC,17/07/2019,soil metagenome,ILLUMINA,31/08/2019,SRS5110338,SRP215159,MicroN,21/06/2016,Austria,soil,47.49 N 14.10 E
521,fastq run.zq sra,gs s3,gs.US s3.us-east-1,SRX6458988,SAMPLE.439.MP.6.90,3,2,SRR9700890,AMPLICON,PRJNA551019,SAMN12137455,Metagenome or environmental,UNIVERSITY OF VIENNA,public,0,Illumina MiSeq,PAIRED,PCR,GENOMIC,17/07/2019,soil metagenome,ILLUMINA,31/08/2019,SRS5110338,SRP215159,MicroN,21/06/2016,Austria,soil,47.49 N 14.10 E
518,fastq run.zq sra,gs s3,gs.US s3.us-east-1,SRX6458987,SAMPLE.755.GP.6.60,3,2,SRR9700891,AMPLICON,PRJNA551019,SAMN12137455,Metagenome or environmental,UNIVERSITY OF VIENNA,public,0,Illumina MiSeq,PAIRED,PCR,GENOMIC,17/07/2019,soil metagenome,ILLUMINA,31/08/2019,SRS5110338,SRP215159,MicroN,21/06/2016,Austria,soil,47.49 N 14.10 E
517,fastq run.zq sra,gs s3,gs.US s3.us-east-1,SRX6458986,SAMPLE.757.GP.7.60,6,3,SRR9700892,AMPLICON,PRJNA551019,SAMN12137455,Metagenome or environmental,UNIVERSITY OF VIENNA,public,0,Illumina MiSeq,PAIRED,PCR,GENOMIC,17/07/2019,soil metagenome,ILLUMINA,31/08/2019,SRS5110338,SRP215159,MicroN,21/06/2016,Austria,soil,47.49 N 14.10 E
517,fastq run.zq sra,gs s3,gs.US s3.us-east-1,SRX6458985,SAMPLE.751.GA8.60,12,7,SRR9700893,AMPLICON,PRJNA551019,SAMN12137455,Metagenome or environmental,UNIVERSITY OF VIENNA,public,0,Illumina MiSeq,PAIRED,PCR,GENOMIC,17/07/2019,soil metagenome,ILLUMINA,31/08/2019,SRS5110338,SRP215159,MicroN,21/06/2016,Austria,soil,47.49 N 14.10 E
517,fastq run.zq sra,gs s3,gs.US s3.us-east-1,SRX6458984,SAMPLE.753.GP.5.60,8,4,SRR9700894,AMPLICON,PRJNA551019,SAMN12137455,Metagenome or environmental,UNIVERSITY OF VIENNA,public,0,Illumina MiSeq,PAIRED,PCR,GENOMIC,17/07/2019,soil metagenome,ILLUMINA,31/08/2019,SRS5110338,SRP215159,MicroN,21/06/2016,Austria,soil,47.49 N 14.10 E
516,fastq run.zq sra,gs s3,gs.US s3.us-east-1,SRX6458983,SAMPLE.747.GA6.60,4,2,SRR9700895,AMPLICON,PRJNA551019,SAMN12137455,Metagenome or environmental,UNIVERSITY OF VIENNA,public,0,Illumina MiSeq,PAIRED,PCR,GENOMIC,17/07/2019,soil metagenome,ILLUMINA,31/08/2019,SRS5110338,SRP215159,MicroN,21/06/2016,Austria,soil,47.49 N 14.10 E
517,fastq run.zq sra,gs s3,gs.US s3.us-east-1,SRX6458982,SAMPLE.749.GA7.60,4,2,SRR9700896,AMPLICON,PRJNA551019,SAMN12137455,Metagenome or environmental,UNIVERSITY OF VIENNA,public,0,Illumina MiSeq,PAIRED,PCR,GENOMIC,17/07/2019,soil metagenome,ILLUMINA,31/08/2019,SRS5110338,SRP215159,MicroN,21/06/2016,Austria,soil,47.49 N 14.10 E
517,fastq run.zq sra,gs s3,gs.US s3.us-east-1,SRX6458981,SAMPLE.743.GF.II.8.30,4,2,SRR9700897,AMPLICON,PRJNA551019,SAMN12137455,Metagenome or environmental,UNIVERSITY OF VIENNA,public,0,Illumina MiSeq,PAIRED,PCR,GENOMIC,17/07/2019,soil metagenome,ILLUMINA,31/08/2019,SRS5110338,SRP215159,MicroN,21/06/2016,Austria,soil,47.49 N 14.10 E
519,fastq run.zq sra,gs s3,gs.US s3.us-east-1,SRX6458980,SAMPLE.745.GA5.60,5,3,SRR9700898,AMPLICON,PRJNA551019,SAMN12137455,Metagenome or environmental,UNIVERSITY OF VIENNA,public,0,Illumina MiSeq,PAIRED,PCR,GENOMIC,17/07/2019,soil metagenome,ILLUMINA,31/08/2019,SRS5110338,SRP215159,MicroN,21/06/2016,Austria,soil,47.49 N 14.10 E
521,fastq run.zq sra,gs s3,gs.US s3.us-east-1,SRX6458979,SAMPLE.423.MF.II6.60,3,2,SRR9700899,AMPLICON,PRJNA551019,SAMN12137455,Metagenome or environmental,UNIVERSITY OF VIENNA,public,0,Illumina MiSeq,PAIRED,PCR,GENOMIC,17/07/2019,soil metagenome,ILLUMINA,31/08/2019,SRS5110338,SRP215159,MicroN,21/06/2016,Austria,soil,47.49 N 14.10 E
517,fastq run.zq sra,gs s3,gs.US s3.us-east-1,SRX6458978,SAMPLE.759.GP.8.60,5,3,SRR9700900,AMPLICON,PRJNA551019,SAMN12137455,Metagenome or environmental,UNIVERSITY OF VIENNA,public,0,Illumina MiSeq,PAIRED,PCR,GENOMIC,17/07/2019,soil metagenome,ILLUMINA,31/08/2019,SRS5110338,SRP215159,MicroN,21/06/2016,Austria,soil,47.49 N 14.10 E
516,fastq run.zq sra,gs s3,gs.US s3.us-east-1,SRX6458977,SAMPLE.761.GF.II.5.60,6,3,SRR9700901,AMPLICON,PRJNA551019,SAMN12137455,Metagenome or environmental,UNIVERSITY OF VIENNA,public,0,Illumina MiSeq,PAIRED,PCR,GENOMIC,17/07/2019,soil metagenome,ILLUMINA,31/08/2019,SRS5110338,SRP215159,MicroN,21/06/2016,Austria,soil,47.49 N 14.10 E
520,fastq run.zq sra,gs s3,gs.US s3.us-east-1,SRX6458976,SAMPLE.345.GP.7.90,4,2,SRR9700902,AMPLICON,PRJNA551019,SAMN12137455,Metagenome or environmental,UNIVERSITY OF VIENNA,public,0,Illumina MiSeq,PAIRED,PCR,GENOMIC,17/07/2019,soil metagenome,ILLUMINA,31/08/2019,SRS5110338,SRP215159,MicroN,21/06/2016,Austria,soil,47.49 N 14.10 E
521,fastq run.zq sra,gs s3,gs.US s3.us-east-1,SRX6458975,SAMPLE.347.GP.8.90,2,1,SRR9700903,AMPLICON,PRJNA551019,SAMN12137455,Metagenome or environmental,UNIVERSITY OF VIENNA,public,0,Illumina MiSeq,PAIRED,PCR,GENOMIC,17/07/2019,soil metagenome,ILLUMINA,31/08/2019,SRS5110338,SRP215159,MicroN,21/06/2016,Austria,soil,47.49 N 14.10 E
520,fastq run.zq sra,gs s3,gs.US s3.us-east-1,SRX6458974,SAMPLE.341.GP.5.90,3,2,SRR9700904,AMPLICON,PRJNA551019,SAMN12137455,Metagenome or environmental,UNIVERSITY OF VIENNA,public,0,Illumina MiSeq,PAIRED,PCR,GENOMIC,17/07/2019,soil metagenome,ILLUMINA,31/08/2019,SRS5110338,SRP215159,MicroN,21/06/2016,Austria,soil,47.49 N 14.10 E
521,fastq run.zq sra,gs s3,gs.US s3.us-east-1,SRX6458973,SAMPLE.343.GP.6.90,0,0,SRR9700905,AMPLICON,PRJNA551019,SAMN12137455,Metagenome or environmental,UNIVERSITY OF VIENNA,public,0,Illumina MiSeq,PAIRED,PCR,GENOMIC,17/07/2019,soil metagenome,ILLUMINA,31/08/2019,SRS5110338,SRP215159,MicroN,21/06/2016,Austria,soil,47.49 N 14.10 E
519,fastq run.zq sra,gs s3,gs.US s3.us-east-1,SRX6458972,SAMPLE.353.GF.II.7.90,8,5,SRR9700906,AMPLICON,PRJNA551019,SAMN12137455,Metagenome or environmental,UNIVERSITY OF VIENNA,public,0,Illumina MiSeq,PAIRED,PCR,GENOMIC,17/07/2019,soil metagenome,ILLUMINA,31/08/2019,SRS5110338,SRP215159,MicroN,21/06/2016,Austria,soil,47.49 N 14.10 E
521,fastq run.zq sra,gs s3,gs.US s3.us-east-1,SRX6458971,SAMPLE.355.GF.II.8.90,1,1,SRR9700907,AMPLICON,PRJNA551019,SAMN12137455,Metagenome or environmental,UNIVERSITY OF VIENNA,public,0,Illumina MiSeq,PAIRED,PCR,GENOMIC,17/07/2019,soil metagenome,ILLUMINA,31/08/2019,SRS5110338,SRP215159,MicroN,21/06/2016,Austria,soil,47.49 N 14.10 E
519,fastq run.zq sra,gs s3,gs.US s3.us-east-1,SRX6458970,SAMPLE.349.GF.II.5.90,0,0,SRR9700908,AMPLICON,PRJNA551019,SAMN12137455,Metagenome or environmental,UNIVERSITY OF VIENNA,public,0,Illumina MiSeq,PAIRED,PCR,GENOMIC,17/07/2019,soil metagenome,ILLUMINA,31/08/2019,SRS5110338,SRP215159,MicroN,21/06/2016,Austria,soil,47.49 N 14.10 E
521,fastq run.zq sra,gs s3,gs.US s3.us-east-1,SRX6458969,SAMPLE.351.GF.II6.90,2,1,SRR9700909,AMPLICON,PRJNA551019,SAMN12137455,Metagenome or environmental,UNIVERSITY OF VIENNA,public,0,Illumina MiSeq,PAIRED,PCR,GENOMIC,17/07/2019,soil metagenome,ILLUMINA,31/08/2019,SRS5110338,SRP215159,MicroN,21/06/2016,Austria,soil,47.49 N 14.10 E
520,fastq run.zq sra,gs s3,gs.US s3.us-east-1,SRX6458968,SAMPLE.357.MA5.15,6,4,SRR9700910,AMPLICON,PRJNA551019,SAMN12137455,Metagenome or environmental,UNIVERSITY OF VIENNA,public,0,Illumina MiSeq,PAIRED,PCR,GENOMIC,17/07/2019,soil metagenome,ILLUMINA,31/08/2019,SRS5110338,SRP215159,MicroN,21/06/2016,Austria,soil,47.49 N 14.10 E
521,fastq run.zq sra,gs s3,gs.US s3.us-east-1,SRX6458967,SAMPLE.359.MA6.15,5,3,SRR9700911,AMPLICON,PRJNA551019,SAMN12137455,Metagenome or environmental,UNIVERSITY OF VIENNA,public,0,Illumina MiSeq,PAIRED,PCR,GENOMIC,17/07/2019,soil metagenome,ILLUMINA,31/08/2019,SRS5110338,SRP215159,MicroN,21/06/2016,Austria,soil,47.49 N 14.10 E
516,fastq run.zq sra,gs s3 sra-sos,gs.US s3.us-east-1 sra-sos.be-md sra-sos.st-va,SRX6458966,SAMPLE.891.ITS.negative,0,0,SRR9700912,AMPLICON,PRJNA551019,SAMN12137455,Metagenome or environmental,UNIVERSITY OF VIENNA,public,0,Illumina MiSeq,PAIRED,PCR,GENOMIC,17/07/2019,soil metagenome,ILLUMINA,31/08/2019,SRS5110338,SRP215159,MicroN,21/06/2016,Austria,soil,47.49 N 14.10 E
517,fastq run.zq sra,gs s3 sra-sos,gs.US s3.us-east-1 sra-sos.be-md sra-sos.st-va,SRX6458965,SAMPLE.887.MF.II.8.90,8,4,SRR9700913,AMPLICON,PRJNA551019,SAMN12137455,Metagenome or environmental,UNIVERSITY OF VIENNA,public,0,Illumina MiSeq,PAIRED,PCR,GENOMIC,17/07/2019,soil metagenome,ILLUMINA,31/08/2019,SRS5110338,SRP215159,MicroN,21/06/2016,Austria,soil,47.49 N 14.10 E
517,fastq run.zq sra,gs s3,gs.US s3.us-east-1,SRX6458964,SAMPLE.885.MF.II.7.90,2,1,SRR9700914,AMPLICON,PRJNA551019,SAMN12137455,Metagenome or environmental,UNIVERSITY OF VIENNA,public,0,Illumina MiSeq,PAIRED,PCR,GENOMIC,17/07/2019,soil metagenome,ILLUMINA,31/08/2019,SRS5110338,SRP215159,MicroN,21/06/2016,Austria,soil,47.49 N 14.10 E
517,fastq run.zq sra,gs s3,gs.US s3.us-east-1,SRX6458963,SAMPLE.883.MF.II6.90,6,3,SRR9700915,AMPLICON,PRJNA551019,SAMN12137455,Metagenome or environmental,UNIVERSITY OF VIENNA,public,0,Illumina MiSeq,PAIRED,PCR,GENOMIC,17/07/2019,soil metagenome,ILLUMINA,31/08/2019,SRS5110338,SRP215159,MicroN,21/06/2016,Austria,soil,47.49 N 14.10 E
516,fastq run.zq sra,gs s3 sra-sos,gs.US s3.us-east-1 sra-sos.be-md sra-sos.st-va,SRX6458962,SAMPLE.773.GA7.90,7,4,SRR9700916,AMPLICON,PRJNA551019,SAMN12137455,Metagenome or environmental,UNIVERSITY OF VIENNA,public,0,Illumina MiSeq,PAIRED,PCR,GENOMIC,17/07/2019,soil metagenome,ILLUMINA,31/08/2019,SRS5110338,SRP215159,MicroN,21/06/2016,Austria,soil,47.49 N 14.10 E
516,fastq run.zq sra,gs s3,gs.US s3.us-east-1,SRX6458961,SAMPLE.771.GA6.90,8,5,SRR9700917,AMPLICON,PRJNA551019,SAMN12137455,Metagenome or environmental,UNIVERSITY OF VIENNA,public,0,Illumina MiSeq,PAIRED,PCR,GENOMIC,17/07/2019,soil metagenome,ILLUMINA,31/08/2019,SRS5110338,SRP215159,MicroN,21/06/2016,Austria,soil,47.49 N 14.10 E
517,fastq run.zq sra,gs s3,gs.US s3.us-east-1,SRX6458960,SAMPLE.777.GP.5.90,6,4,SRR9700918,AMPLICON,PRJNA551019,SAMN12137455,Metagenome or environmental,UNIVERSITY OF VIENNA,public,0,Illumina MiSeq,PAIRED,PCR,GENOMIC,17/07/2019,soil metagenome,ILLUMINA,31/08/2019,SRS5110338,SRP215159,MicroN,21/06/2016,Austria,soil,47.49 N 14.10 E
517,fastq run.zq sra,gs s3 sra-sos,gs.US s3.us-east-1 sra-sos.be-md sra-sos.st-va,SRX6458959,SAMPLE.775.GA8.90,1,1,SRR9700919,AMPLICON,PRJNA551019,SAMN12137455,Metagenome or environmental,UNIVERSITY OF VIENNA,public,0,Illumina MiSeq,PAIRED,PCR,GENOMIC,17/07/2019,soil metagenome,ILLUMINA,31/08/2019,SRS5110338,SRP215159,MicroN,21/06/2016,Austria,soil,47.49 N 14.10 E
517,fastq run.zq sra,gs s3 sra-sos,gs.US s3.us-east-1 sra-sos.be-md sra-sos.st-va,SRX6458958,SAMPLE.765.GF.II.7.60,8,5,SRR9700920,AMPLICON,PRJNA551019,SAMN12137455,Metagenome or environmental,UNIVERSITY OF VIENNA,public,0,Illumina MiSeq,PAIRED,PCR,GENOMIC,17/07/2019,soil metagenome,ILLUMINA,31/08/2019,SRS5110338,SRP215159,MicroN,21/06/2016,Austria,soil,47.49 N 14.10 E
517,fastq run.zq sra,gs s3,gs.US s3.us-east-1,SRX6458957,SAMPLE.763.GF.II6.60,8,4,SRR9700921,AMPLICON,PRJNA551019,SAMN12137455,Metagenome or environmental,UNIVERSITY OF VIENNA,public,0,Illumina MiSeq,PAIRED,PCR,GENOMIC,17/07/2019,soil metagenome,ILLUMINA,31/08/2019,SRS5110338,SRP215159,MicroN,21/06/2016,Austria,soil,47.49 N 14.10 E
517,fastq run.zq sra,gs s3,gs.US s3.us-east-1,SRX6458956,SAMPLE.769.GA5.90,6,3,SRR9700922,AMPLICON,PRJNA551019,SAMN12137455,Metagenome or environmental,UNIVERSITY OF VIENNA,public,0,Illumina MiSeq,PAIRED,PCR,GENOMIC,17/07/2019,soil metagenome,ILLUMINA,31/08/2019,SRS5110338,SRP215159,MicroN,21/06/2016,Austria,soil,47.49 N 14.10 E
517,fastq run.zq sra,gs s3 sra-sos,gs.US s3.us-east-1 sra-sos.be-md sra-sos.st-va,SRX6458955,SAMPLE.767.GF.II.8.60,0,0,SRR9700923,AMPLICON,PRJNA551019,SAMN12137455,Metagenome or environmental,UNIVERSITY OF VIENNA,public,0,Illumina MiSeq,PAIRED,PCR,GENOMIC,17/07/2019,soil metagenome,ILLUMINA,31/08/2019,SRS5110338,SRP215159,MicroN,21/06/2016,Austria,soil,47.49 N 14.10 E
517,fastq run.zq sra,gs s3,gs.US s3.us-east-1,SRX6458954,SAMPLE.781.GP.7.90,10,6,SRR9700924,AMPLICON,PRJNA551019,SAMN12137455,Metagenome or environmental,UNIVERSITY OF VIENNA,public,0,Illumina MiSeq,PAIRED,PCR,GENOMIC,17/07/2019,soil metagenome,ILLUMINA,31/08/2019,SRS5110338,SRP215159,MicroN,21/06/2016,Austria,soil,47.49 N 14.10 E
517,fastq run.zq sra,gs s3 sra-sos,gs.US s3.us-east-1 sra-sos.be-md sra-sos.st-va,SRX6458953,SAMPLE.779.GP.6.90,3,1,SRR9700925,AMPLICON,PRJNA551019,SAMN12137455,Metagenome or environmental,UNIVERSITY OF VIENNA,public,0,Illumina MiSeq,PAIRED,PCR,GENOMIC,17/07/2019,soil metagenome,ILLUMINA,31/08/2019,SRS5110338,SRP215159,MicroN,21/06/2016,Austria,soil,47.49 N 14.10 E
520,fastq run.zq sra,gs s3,gs.US s3.us-east-1,SRX6458952,SAMPLE.335.GA6.90,7,4,SRR9700926,AMPLICON,PRJNA551019,SAMN12137455,Metagenome or environmental,UNIVERSITY OF VIENNA,public,0,Illumina MiSeq,PAIRED,PCR,GENOMIC,17/07/2019,soil metagenome,ILLUMINA,31/08/2019,SRS5110338,SRP215159,MicroN,21/06/2016,Austria,soil,47.49 N 14.10 E
520,fastq run.zq sra,gs s3 sra-sos,gs.US s3.us-east-1 sra-sos.be-md sra-sos.st-va,SRX6458951,SAMPLE.333.GA5.90,4,2,SRR9700927,AMPLICON,PRJNA551019,SAMN12137455,Metagenome or environmental,UNIVERSITY OF VIENNA,public,0,Illumina MiSeq,PAIRED,PCR,GENOMIC,17/07/2019,soil metagenome,ILLUMINA,31/08/2019,SRS5110338,SRP215159,MicroN,21/06/2016,Austria,soil,47.49 N 14.10 E
520,fastq run.zq sra,gs s3,gs.US s3.us-east-1,SRX6458950,SAMPLE.331.GF.II.8.60,10,6,SRR9700928,AMPLICON,PRJNA551019,SAMN12137455,Metagenome or environmental,UNIVERSITY OF VIENNA,public,0,Illumina MiSeq,PAIRED,PCR,GENOMIC,17/07/2019,soil metagenome,ILLUMINA,31/08/2019,SRS5110338,SRP215159,MicroN,21/06/2016,Austria,soil,47.49 N 14.10 E
519,fastq run.zq sra,gs s3 sra-sos,gs.US s3.us-east-1 sra-sos.be-md sra-sos.st-va,SRX6458949,SAMPLE.329.GF.II.7.60,8,5,SRR9700929,AMPLICON,PRJNA551019,SAMN12137455,Metagenome or environmental,UNIVERSITY OF VIENNA,public,0,Illumina MiSeq,PAIRED,PCR,GENOMIC,17/07/2019,soil metagenome,ILLUMINA,31/08/2019,SRS5110338,SRP215159,MicroN,21/06/2016,Austria,soil,47.49 N 14.10 E
520,fastq run.zq sra,gs s3 sra-sos,gs.US s3.us-east-1 sra-sos.be-md sra-sos.st-va,SRX6458948,SAMPLE.327.GF.II6.60,6,4,SRR9700930,AMPLICON,PRJNA551019,SAMN12137455,Metagenome or environmental,UNIVERSITY OF VIENNA,public,0,Illumina MiSeq,PAIRED,PCR,GENOMIC,17/07/2019,soil metagenome,ILLUMINA,31/08/2019,SRS5110338,SRP215159,MicroN,21/06/2016,Austria,soil,47.49 N 14.10 E
521,fastq run.zq sra,gs s3 sra-sos,gs.US s3.us-east-1 sra-sos.be-md sra-sos.st-va,SRX6458947,SAMPLE.325.GF.II.5.60,0,0,SRR9700931,AMPLICON,PRJNA551019,SAMN12137455,Metagenome or environmental,UNIVERSITY OF VIENNA,public,0,Illumina MiSeq,PAIRED,PCR,GENOMIC,17/07/2019,soil metagenome,ILLUMINA,31/08/2019,SRS5110338,SRP215159,MicroN,21/06/2016,Austria,soil,47.49 N 14.10 E
520,fastq run.zq sra,gs s3 sra-sos,gs.US s3.us-east-1 sra-sos.be-md sra-sos.st-va,SRX6458946,SAMPLE.323.GP.8.60,5,3,SRR9700932,AMPLICON,PRJNA551019,SAMN12137455,Metagenome or environmental,UNIVERSITY OF VIENNA,public,0,Illumina MiSeq,PAIRED,PCR,GENOMIC,17/07/2019,soil metagenome,ILLUMINA,31/08/2019,SRS5110338,SRP215159,MicroN,21/06/2016,Austria,soil,47.49 N 14.10 E
520,fastq run.zq sra,gs s3,gs.US s3.us-east-1,SRX6458945,SAMPLE.321.GP.7.60,8,5,SRR9700933,AMPLICON,PRJNA551019,SAMN12137455,Metagenome or environmental,UNIVERSITY OF VIENNA,public,0,Illumina MiSeq,PAIRED,PCR,GENOMIC,17/07/2019,soil metagenome,ILLUMINA,31/08/2019,SRS5110338,SRP215159,MicroN,21/06/2016,Austria,soil,47.49 N 14.10 E
520,fastq run.zq sra,gs s3,gs.US s3.us-east-1,SRX6458944,SAMPLE.339.GA8.90,4,2,SRR9700934,AMPLICON,PRJNA551019,SAMN12137455,Metagenome or environmental,UNIVERSITY OF VIENNA,public,0,Illumina MiSeq,PAIRED,PCR,GENOMIC,17/07/2019,soil metagenome,ILLUMINA,31/08/2019,SRS5110338,SRP215159,MicroN,21/06/2016,Austria,soil,47.49 N 14.10 E
520,fastq run.zq sra,gs s3,gs.US s3.us-east-1,SRX6458943,SAMPLE.337.GA7.90,3,1,SRR9700935,AMPLICON,PRJNA551019,SAMN12137455,Metagenome or environmental,UNIVERSITY OF VIENNA,public,0,Illumina MiSeq,PAIRED,PCR,GENOMIC,17/07/2019,soil metagenome,ILLUMINA,31/08/2019,SRS5110338,SRP215159,MicroN,21/06/2016,Austria,soil,47.49 N 14.10 E
518,fastq run.zq sra,gs s3,gs.US s3.us-east-1,SRX6458942,SAMPLE.783.GP.8.90,6,3,SRR9700936,AMPLICON,PRJNA551019,SAMN12137455,Metagenome or environmental,UNIVERSITY OF VIENNA,public,0,Illumina MiSeq,PAIRED,PCR,GENOMIC,17/07/2019,soil metagenome,ILLUMINA,31/08/2019,SRS5110338,SRP215159,MicroN,21/06/2016,Austria,soil,47.49 N 14.10 E
516,fastq run.zq sra,gs s3 sra-sos,gs.US s3.us-east-1 sra-sos.be-md sra-sos.st-va,SRX6458941,SAMPLE.785.GF.II.5.90,18,11,SRR9700937,AMPLICON,PRJNA551019,SAMN12137455,Metagenome or environmental,UNIVERSITY OF VIENNA,public,0,Illumina MiSeq,PAIRED,PCR,GENOMIC,17/07/2019,soil metagenome,ILLUMINA,31/08/2019,SRS5110338,SRP215159,MicroN,21/06/2016,Austria,soil,47.49 N 14.10 E
518,fastq run.zq sra,gs s3,gs.US s3.us-east-1,SRX6458940,SAMPLE.787.GF.II6.90,5,3,SRR9700938,AMPLICON,PRJNA551019,SAMN12137455,Metagenome or environmental,UNIVERSITY OF VIENNA,public,0,Illumina MiSeq,PAIRED,PCR,GENOMIC,17/07/2019,soil metagenome,ILLUMINA,31/08/2019,SRS5110338,SRP215159,MicroN,21/06/2016,Austria,soil,47.49 N 14.10 E
516,fastq run.zq sra,gs s3,gs.US s3.us-east-1,SRX6458939,SAMPLE.789.GF.II.7.90,5,3,SRR9700939,AMPLICON,PRJNA551019,SAMN12137455,Metagenome or environmental,UNIVERSITY OF VIENNA,public,0,Illumina MiSeq,PAIRED,PCR,GENOMIC,17/07/2019,soil metagenome,ILLUMINA,31/08/2019,SRS5110338,SRP215159,MicroN,21/06/2016,Austria,soil,47.49 N 14.10 E
518,fastq run.zq sra,gs s3 sra-sos,gs.US s3.us-east-1 sra-sos.be-md sra-sos.st-va,SRX6458938,SAMPLE.791.GF.II.8.90,8,4,SRR9700940,AMPLICON,PRJNA551019,SAMN12137455,Metagenome or environmental,UNIVERSITY OF VIENNA,public,0,Illumina MiSeq,PAIRED,PCR,GENOMIC,17/07/2019,soil metagenome,ILLUMINA,31/08/2019,SRS5110338,SRP215159,MicroN,21/06/2016,Austria,soil,47.49 N 14.10 E
517,fastq run.zq sra,gs s3,gs.US s3.us-east-1,SRX6458937,SAMPLE.793.MA5.15,9,5,SRR9700941,AMPLICON,PRJNA551019,SAMN12137455,Metagenome or environmental,UNIVERSITY OF VIENNA,public,0,Illumina MiSeq,PAIRED,PCR,GENOMIC,17/07/2019,soil metagenome,ILLUMINA,31/08/2019,SRS5110338,SRP215159,MicroN,21/06/2016,Austria,soil,47.49 N 14.10 E
518,fastq run.zq sra,gs s3,gs.US s3.us-east-1,SRX6458936,SAMPLE.795.MA6.15,5,3,SRR9700942,AMPLICON,PRJNA551019,SAMN12137455,Metagenome or environmental,UNIVERSITY OF VIENNA,public,0,Illumina MiSeq,PAIRED,PCR,GENOMIC,17/07/2019,soil metagenome,ILLUMINA,31/08/2019,SRS5110338,SRP215159,MicroN,21/06/2016,Austria,soil,47.49 N 14.10 E
516,fastq run.zq sra,gs s3,gs.US s3.us-east-1,SRX6458935,SAMPLE.797.MA7.15,8,4,SRR9700943,AMPLICON,PRJNA551019,SAMN12137455,Metagenome or environmental,UNIVERSITY OF VIENNA,public,0,Illumina MiSeq,PAIRED,PCR,GENOMIC,17/07/2019,soil metagenome,ILLUMINA,31/08/2019,SRS5110338,SRP215159,MicroN,21/06/2016,Austria,soil,47.49 N 14.10 E
517,fastq run.zq sra,gs s3,gs.US s3.us-east-1,SRX6458934,SAMPLE.799.MA8.15,5,3,SRR9700944,AMPLICON,PRJNA551019,SAMN12137455,Metagenome or environmental,UNIVERSITY OF VIENNA,public,0,Illumina MiSeq,PAIRED,PCR,GENOMIC,17/07/2019,soil metagenome,ILLUMINA,31/08/2019,SRS5110338,SRP215159,MicroN,21/06/2016,Austria,soil,47.49 N 14.10 E
519,fastq run.zq sra,gs s3,gs.US s3.us-east-1,SRX6458933,SAMPLE.801.MP.5.15,9,5,SRR9700945,AMPLICON,PRJNA551019,SAMN12137455,Metagenome or environmental,UNIVERSITY OF VIENNA,public,0,Illumina MiSeq,PAIRED,PCR,GENOMIC,17/07/2019,soil metagenome,ILLUMINA,31/08/2019,SRS5110338,SRP215159,MicroN,21/06/2016,Austria,soil,47.49 N 14.10 E
521,fastq run.zq sra,gs s3 sra-sos,gs.US s3.us-east-1 sra-sos.be-md sra-sos.st-va,SRX6458932,SAMPLE.301.GF.II.5.30,0,0,SRR9700946,AMPLICON,PRJNA551019,SAMN12137455,Metagenome or environmental,UNIVERSITY OF VIENNA,public,0,Illumina MiSeq,PAIRED,PCR,GENOMIC,17/07/2019,soil metagenome,ILLUMINA,31/08/2019,SRS5110338,SRP215159,MicroN,21/06/2016,Austria,soil,47.49 N 14.10 E
520,fastq run.zq sra,gs s3 sra-sos,gs.US s3.us-east-1 sra-sos.be-md sra-sos.st-va,SRX6458931,SAMPLE.303.GF.II6.30,0,0,SRR9700947,AMPLICON,PRJNA551019,SAMN12137455,Metagenome or environmental,UNIVERSITY OF VIENNA,public,0,Illumina MiSeq,PAIRED,PCR,GENOMIC,17/07/2019,soil metagenome,ILLUMINA,31/08/2019,SRS5110338,SRP215159,MicroN,21/06/2016,Austria,soil,47.49 N 14.10 E
520,fastq run.zq sra,gs s3,gs.US s3.us-east-1,SRX6458930,SAMPLE.305.GF.II.7.30,7,4,SRR9700948,AMPLICON,PRJNA551019,SAMN12137455,Metagenome or environmental,UNIVERSITY OF VIENNA,public,0,Illumina MiSeq,PAIRED,PCR,GENOMIC,17/07/2019,soil metagenome,ILLUMINA,31/08/2019,SRS5110338,SRP215159,MicroN,21/06/2016,Austria,soil,47.49 N 14.10 E
521,fastq run.zq sra,gs s3,gs.US s3.us-east-1,SRX6458929,SAMPLE.307.GF.II.8.30,1,0,SRR9700949,AMPLICON,PRJNA551019,SAMN12137455,Metagenome or environmental,UNIVERSITY OF VIENNA,public,0,Illumina MiSeq,PAIRED,PCR,GENOMIC,17/07/2019,soil metagenome,ILLUMINA,31/08/2019,SRS5110338,SRP215159,MicroN,21/06/2016,Austria,soil,47.49 N 14.10 E
522,fastq run.zq sra,gs s3,gs.US s3.us-east-1,SRX6458928,SAMPLE.309.GA5.60,3,2,SRR9700950,AMPLICON,PRJNA551019,SAMN12137455,Metagenome or environmental,UNIVERSITY OF VIENNA,public,0,Illumina MiSeq,PAIRED,PCR,GENOMIC,17/07/2019,soil metagenome,ILLUMINA,31/08/2019,SRS5110338,SRP215159,MicroN,21/06/2016,Austria,soil,47.49 N 14.10 E
519,fastq run.zq sra,gs s3 sra-sos,gs.US s3.us-east-1 sra-sos.be-md sra-sos.st-va,SRX6458927,SAMPLE.311.GA6.60,1,1,SRR9700951,AMPLICON,PRJNA551019,SAMN12137455,Metagenome or environmental,UNIVERSITY OF VIENNA,public,0,Illumina MiSeq,PAIRED,PCR,GENOMIC,17/07/2019,soil metagenome,ILLUMINA,31/08/2019,SRS5110338,SRP215159,MicroN,21/06/2016,Austria,soil,47.49 N 14.10 E
520,fastq run.zq sra,gs s3 sra-sos,gs.US s3.us-east-1 sra-sos.be-md sra-sos.st-va,SRX6458926,SAMPLE.313.GA7.60,1,1,SRR9700952,AMPLICON,PRJNA551019,SAMN12137455,Metagenome or environmental,UNIVERSITY OF VIENNA,public,0,Illumina MiSeq,PAIRED,PCR,GENOMIC,17/07/2019,soil metagenome,ILLUMINA,31/08/2019,SRS5110338,SRP215159,MicroN,21/06/2016,Austria,soil,47.49 N 14.10 E
520,fastq run.zq sra,gs s3 sra-sos,gs.US s3.us-east-1 sra-sos.be-md sra-sos.st-va,SRX6458925,SAMPLE.315.GA8.60,8,5,SRR9700953,AMPLICON,PRJNA551019,SAMN12137455,Metagenome or environmental,UNIVERSITY OF VIENNA,public,0,Illumina MiSeq,PAIRED,PCR,GENOMIC,17/07/2019,soil metagenome,ILLUMINA,31/08/2019,SRS5110338,SRP215159,MicroN,21/06/2016,Austria,soil,47.49 N 14.10 E
520,fastq run.zq sra,gs s3 sra-sos,gs.US s3.us-east-1 sra-sos.be-md sra-sos.st-va,SRX6458924,SAMPLE.317.GP.5.60,1,1,SRR9700954,AMPLICON,PRJNA551019,SAMN12137455,Metagenome or environmental,UNIVERSITY OF VIENNA,public,0,Illumina MiSeq,PAIRED,PCR,GENOMIC,17/07/2019,soil metagenome,ILLUMINA,31/08/2019,SRS5110338,SRP215159,MicroN,21/06/2016,Austria,soil,47.49 N 14.10 E
520,fastq run.zq sra,gs s3,gs.US s3.us-east-1,SRX6458923,SAMPLE.319.GP.6.60,0,0,SRR9700955,AMPLICON,PRJNA551019,SAMN12137455,Metagenome or environmental,UNIVERSITY OF VIENNA,public,0,Illumina MiSeq,PAIRED,PCR,GENOMIC,17/07/2019,soil metagenome,ILLUMINA,31/08/2019,SRS5110338,SRP215159,MicroN,21/06/2016,Austria,soil,47.49 N 14.10 E
522,fastq run.zq sra,gs s3 sra-sos,gs.US s3.us-east-1 sra-sos.be-md sra-sos.st-va,SRX6458922,SAMPLE.299.GP.8.30,1,1,SRR9700956,AMPLICON,PRJNA551019,SAMN12137455,Metagenome or environmental,UNIVERSITY OF VIENNA,public,0,Illumina MiSeq,PAIRED,PCR,GENOMIC,17/07/2019,soil metagenome,ILLUMINA,31/08/2019,SRS5110338,SRP215159,MicroN,21/06/2016,Austria,soil,47.49 N 14.10 E
520,fastq run.zq sra,gs s3,gs.US s3.us-east-1,SRX6458921,SAMPLE.297.GP.7.30,4,3,SRR9700957,AMPLICON,PRJNA551019,SAMN12137455,Metagenome or environmental,UNIVERSITY OF VIENNA,public,0,Illumina MiSeq,PAIRED,PCR,GENOMIC,17/07/2019,soil metagenome,ILLUMINA,31/08/2019,SRS5110338,SRP215159,MicroN,21/06/2016,Austria,soil,47.49 N 14.10 E
520,fastq run.zq sra,gs s3,gs.US s3.us-east-1,SRX6458920,SAMPLE.291.GA8.30,4,2,SRR9700958,AMPLICON,PRJNA551019,SAMN12137455,Metagenome or environmental,UNIVERSITY OF VIENNA,public,0,Illumina MiSeq,PAIRED,PCR,GENOMIC,17/07/2019,soil metagenome,ILLUMINA,31/08/2019,SRS5110338,SRP215159,MicroN,21/06/2016,Austria,soil,47.49 N 14.10 E
521,fastq run.zq sra,gs s3,gs.US s3.us-east-1,SRX6458919,SAMPLE.289.GA7.30,3,2,SRR9700959,AMPLICON,PRJNA551019,SAMN12137455,Metagenome or environmental,UNIVERSITY OF VIENNA,public,0,Illumina MiSeq,PAIRED,PCR,GENOMIC,17/07/2019,soil metagenome,ILLUMINA,31/08/2019,SRS5110338,SRP215159,MicroN,21/06/2016,Austria,soil,47.49 N 14.10 E
520,fastq run.zq sra,gs s3 sra-sos,gs.US s3.us-east-1 sra-sos.be-md sra-sos.st-va,SRX6458918,SAMPLE.295.GP.6.30,0,0,SRR9700960,AMPLICON,PRJNA551019,SAMN12137455,Metagenome or environmental,UNIVERSITY OF VIENNA,public,0,Illumina MiSeq,PAIRED,PCR,GENOMIC,17/07/2019,soil metagenome,ILLUMINA,31/08/2019,SRS5110338,SRP215159,MicroN,21/06/2016,Austria,soil,47.49 N 14.10 E
519,fastq run.zq sra,gs s3,gs.US s3.us-east-1,SRX6458917,SAMPLE.293.GP.5.30,4,3,SRR9700961,AMPLICON,PRJNA551019,SAMN12137455,Metagenome or environmental,UNIVERSITY OF VIENNA,public,0,Illumina MiSeq,PAIRED,PCR,GENOMIC,17/07/2019,soil metagenome,ILLUMINA,31/08/2019,SRS5110338,SRP215159,MicroN,21/06/2016,Austria,soil,47.49 N 14.10 E
521,fastq run.zq sra,gs s3,gs.US s3.us-east-1,SRX6458916,SAMPLE.283.GF.II.8.15,4,3,SRR9700962,AMPLICON,PRJNA551019,SAMN12137455,Metagenome or environmental,UNIVERSITY OF VIENNA,public,0,Illumina MiSeq,PAIRED,PCR,GENOMIC,17/07/2019,soil metagenome,ILLUMINA,31/08/2019,SRS5110338,SRP215159,MicroN,21/06/2016,Austria,soil,47.49 N 14.10 E
521,fastq run.zq sra,gs s3 sra-sos,gs.US s3.us-east-1 sra-sos.be-md sra-sos.st-va,SRX6458915,SAMPLE.281.GF.II.7.15,3,2,SRR9700963,AMPLICON,PRJNA551019,SAMN12137455,Metagenome or environmental,UNIVERSITY OF VIENNA,public,0,Illumina MiSeq,PAIRED,PCR,GENOMIC,17/07/2019,soil metagenome,ILLUMINA,31/08/2019,SRS5110338,SRP215159,MicroN,21/06/2016,Austria,soil,47.49 N 14.10 E
521,fastq run.zq sra,gs s3,gs.US s3.us-east-1,SRX6458914,SAMPLE.287.GA6.30,5,3,SRR9700964,AMPLICON,PRJNA551019,SAMN12137455,Metagenome or environmental,UNIVERSITY OF VIENNA,public,0,Illumina MiSeq,PAIRED,PCR,GENOMIC,17/07/2019,soil metagenome,ILLUMINA,31/08/2019,SRS5110338,SRP215159,MicroN,21/06/2016,Austria,soil,47.49 N 14.10 E
521,fastq run.zq sra,gs s3,gs.US s3.us-east-1,SRX6458913,SAMPLE.285.GA5.30,7,4,SRR9700965,AMPLICON,PRJNA551019,SAMN12137455,Metagenome or environmental,UNIVERSITY OF VIENNA,public,0,Illumina MiSeq,PAIRED,PCR,GENOMIC,17/07/2019,soil metagenome,ILLUMINA,31/08/2019,SRS5110338,SRP215159,MicroN,21/06/2016,Austria,soil,47.49 N 14.10 E
521,fastq run.zq sra,gs s3,gs.US s3.us-east-1,SRX6458912,SAMPLE.451.MF.II.8.90,5,3,SRR9700966,AMPLICON,PRJNA551019,SAMN12137455,Metagenome or environmental,UNIVERSITY OF VIENNA,public,0,Illumina MiSeq,PAIRED,PCR,GENOMIC,17/07/2019,soil metagenome,ILLUMINA,31/08/2019,SRS5110338,SRP215159,MicroN,21/06/2016,Austria,soil,47.49 N 14.10 E
521,fastq run.zq sra,gs s3,gs.US s3.us-east-1,SRX6458911,SAMPLE.449.MF.II.7.90,3,2,SRR9700967,AMPLICON,PRJNA551019,SAMN12137455,Metagenome or environmental,UNIVERSITY OF VIENNA,public,0,Illumina MiSeq,PAIRED,PCR,GENOMIC,17/07/2019,soil metagenome,ILLUMINA,31/08/2019,SRS5110338,SRP215159,MicroN,21/06/2016,Austria,soil,47.49 N 14.10 E
520,fastq run.zq sra,gs s3 sra-sos,gs.US s3.us-east-1 sra-sos.be-md sra-sos.st-va,SRX6458910,SAMPLE.697.GA5.15,11,6,SRR9700968,AMPLICON,PRJNA551019,SAMN12137455,Metagenome or environmental,UNIVERSITY OF VIENNA,public,0,Illumina MiSeq,PAIRED,PCR,GENOMIC,17/07/2019,soil metagenome,ILLUMINA,31/08/2019,SRS5110338,SRP215159,MicroN,21/06/2016,Austria,soil,47.49 N 14.10 E
519,fastq run.zq sra,gs s3 sra-sos,gs.US s3.us-east-1 sra-sos.be-md sra-sos.st-va,SRX6458909,SAMPLE.453.16S.negative,0,0,SRR9700969,AMPLICON,PRJNA551019,SAMN12137455,Metagenome or environmental,UNIVERSITY OF VIENNA,public,0,Illumina MiSeq,PAIRED,PCR,GENOMIC,17/07/2019,soil metagenome,ILLUMINA,31/08/2019,SRS5110338,SRP215159,MicroN,21/06/2016,Austria,soil,47.49 N 14.10 E
521,fastq run.zq sra,gs s3,gs.US s3.us-east-1,SRX6458908,SAMPLE.443.MP.8.90,4,2,SRR9700970,AMPLICON,PRJNA551019,SAMN12137455,Metagenome or environmental,UNIVERSITY OF VIENNA,public,0,Illumina MiSeq,PAIRED,PCR,GENOMIC,17/07/2019,soil metagenome,ILLUMINA,31/08/2019,SRS5110338,SRP215159,MicroN,21/06/2016,Austria,soil,47.49 N 14.10 E
520,fastq run.zq sra,gs s3,gs.US s3.us-east-1,SRX6458907,SAMPLE.441.MP.7.90,7,5,SRR9700971,AMPLICON,PRJNA551019,SAMN12137455,Metagenome or environmental,UNIVERSITY OF VIENNA,public,0,Illumina MiSeq,PAIRED,PCR,GENOMIC,17/07/2019,soil metagenome,ILLUMINA,31/08/2019,SRS5110338,SRP215159,MicroN,21/06/2016,Austria,soil,47.49 N 14.10 E
521,fastq run.zq sra,gs s3,gs.US s3.us-east-1,SRX6458906,SAMPLE.447.MF.II6.90,5,3,SRR9700972,AMPLICON,PRJNA551019,SAMN12137455,Metagenome or environmental,UNIVERSITY OF VIENNA,public,0,Illumina MiSeq,PAIRED,PCR,GENOMIC,17/07/2019,soil metagenome,ILLUMINA,31/08/2019,SRS5110338,SRP215159,MicroN,21/06/2016,Austria,soil,47.49 N 14.10 E
521,fastq run.zq sra,gs s3,gs.US s3.us-east-1,SRX6458905,SAMPLE.445.MF.II.5.90,10,6,SRR9700973,AMPLICON,PRJNA551019,SAMN12137455,Metagenome or environmental,UNIVERSITY OF VIENNA,public,0,Illumina MiSeq,PAIRED,PCR,GENOMIC,17/07/2019,soil metagenome,ILLUMINA,31/08/2019,SRS5110338,SRP215159,MicroN,21/06/2016,Austria,soil,47.49 N 14.10 E
518,fastq run.zq sra,gs s3,gs.US s3.us-east-1,SRX6458904,SAMPLE.701.GA7.15,1,1,SRR9700974,AMPLICON,PRJNA551019,SAMN12137455,Metagenome or environmental,UNIVERSITY OF VIENNA,public,0,Illumina MiSeq,PAIRED,PCR,GENOMIC,17/07/2019,soil metagenome,ILLUMINA,31/08/2019,SRS5110338,SRP215159,MicroN,21/06/2016,Austria,soil,47.49 N 14.10 E
518,fastq run.zq sra,gs s3 sra-sos,gs.US s3.us-east-1 sra-sos.be-md sra-sos.st-va,SRX6458903,SAMPLE.699.GA6.15,3,1,SRR9700975,AMPLICON,PRJNA551019,SAMN12137455,Metagenome or environmental,UNIVERSITY OF VIENNA,public,0,Illumina MiSeq,PAIRED,PCR,GENOMIC,17/07/2019,soil metagenome,ILLUMINA,31/08/2019,SRS5110338,SRP215159,MicroN,21/06/2016,Austria,soil,47.49 N 14.10 E
520,fastq run.zq sra,gs s3,gs.US s3.us-east-1,SRX6458902,SAMPLE.275.GP.8.15,5,3,SRR9700976,AMPLICON,PRJNA551019,SAMN12137455,Metagenome or environmental,UNIVERSITY OF VIENNA,public,0,Illumina MiSeq,PAIRED,PCR,GENOMIC,17/07/2019,soil metagenome,ILLUMINA,31/08/2019,SRS5110338,SRP215159,MicroN,21/06/2016,Austria,soil,47.49 N 14.10 E
521,fastq run.zq sra,gs s3,gs.US s3.us-east-1,SRX6458901,SAMPLE.273.GP.7.15,1,0,SRR9700977,AMPLICON,PRJNA551019,SAMN12137455,Metagenome or environmental,UNIVERSITY OF VIENNA,public,0,Illumina MiSeq,PAIRED,PCR,GENOMIC,17/07/2019,soil metagenome,ILLUMINA,31/08/2019,SRS5110338,SRP215159,MicroN,21/06/2016,Austria,soil,47.49 N 14.10 E
520,fastq run.zq sra,gs s3 sra-sos,gs.US s3.us-east-1 sra-sos.be-md sra-sos.st-va,SRX6458900,SAMPLE.271.GP.6.15,0,0,SRR9700978,AMPLICON,PRJNA551019,SAMN12137455,Metagenome or environmental,UNIVERSITY OF VIENNA,public,0,Illumina MiSeq,PAIRED,PCR,GENOMIC,17/07/2019,soil metagenome,ILLUMINA,31/08/2019,SRS5110338,SRP215159,MicroN,21/06/2016,Austria,soil,47.49 N 14.10 E
519,fastq run.zq sra,gs s3 sra-sos,gs.US s3.us-east-1 sra-sos.be-md sra-sos.st-va,SRX6458899,SAMPLE.269.GP.5.15,5,3,SRR9700979,AMPLICON,PRJNA551019,SAMN12137455,Metagenome or environmental,UNIVERSITY OF VIENNA,public,0,Illumina MiSeq,PAIRED,PCR,GENOMIC,17/07/2019,soil metagenome,ILLUMINA,31/08/2019,SRS5110338,SRP215159,MicroN,21/06/2016,Austria,soil,47.49 N 14.10 E
520,fastq run.zq sra,gs s3,gs.US s3.us-east-1,SRX6458898,SAMPLE.267.GA8.15,3,2,SRR9700980,AMPLICON,PRJNA551019,SAMN12137455,Metagenome or environmental,UNIVERSITY OF VIENNA,public,0,Illumina MiSeq,PAIRED,PCR,GENOMIC,17/07/2019,soil metagenome,ILLUMINA,31/08/2019,SRS5110338,SRP215159,MicroN,21/06/2016,Austria,soil,47.49 N 14.10 E
521,fastq run.zq sra,gs s3 sra-sos,gs.US s3.us-east-1 sra-sos.be-md sra-sos.st-va,SRX6458897,SAMPLE.265.GA7.15,7,4,SRR9700981,AMPLICON,PRJNA551019,SAMN12137455,Metagenome or environmental,UNIVERSITY OF VIENNA,public,0,Illumina MiSeq,PAIRED,PCR,GENOMIC,17/07/2019,soil metagenome,ILLUMINA,31/08/2019,SRS5110338,SRP215159,MicroN,21/06/2016,Austria,soil,47.49 N 14.10 E
521,fastq run.zq sra,gs s3,gs.US s3.us-east-1,SRX6458896,SAMPLE.263.GA6.15,1,1,SRR9700982,AMPLICON,PRJNA551019,SAMN12137455,Metagenome or environmental,UNIVERSITY OF VIENNA,public,0,Illumina MiSeq,PAIRED,PCR,GENOMIC,17/07/2019,soil metagenome,ILLUMINA,31/08/2019,SRS5110338,SRP215159,MicroN,21/06/2016,Austria,soil,47.49 N 14.10 E
522,fastq run.zq sra,gs s3,gs.US s3.us-east-1,SRX6458895,SAMPLE.261.GA5.15,12,7,SRR9700983,AMPLICON,PRJNA551019,SAMN12137455,Metagenome or environmental,UNIVERSITY OF VIENNA,public,0,Illumina MiSeq,PAIRED,PCR,GENOMIC,17/07/2019,soil metagenome,ILLUMINA,31/08/2019,SRS5110338,SRP215159,MicroN,21/06/2016,Austria,soil,47.49 N 14.10 E
520,fastq run.zq sra,gs s3,gs.US s3.us-east-1,SRX6458894,SAMPLE.279.GF.II6.15,9,6,SRR9700984,AMPLICON,PRJNA551019,SAMN12137455,Metagenome or environmental,UNIVERSITY OF VIENNA,public,0,Illumina MiSeq,PAIRED,PCR,GENOMIC,17/07/2019,soil metagenome,ILLUMINA,31/08/2019,SRS5110338,SRP215159,MicroN,21/06/2016,Austria,soil,47.49 N 14.10 E
521,fastq run.zq sra,gs s3 sra-sos,gs.US s3.us-east-1 sra-sos.be-md sra-sos.st-va,SRX6458893,SAMPLE.277.GF.II.5.15,0,0,SRR9700985,AMPLICON,PRJNA551019,SAMN12137455,Metagenome or environmental,UNIVERSITY OF VIENNA,public,0,Illumina MiSeq,PAIRED,PCR,GENOMIC,17/07/2019,soil metagenome,ILLUMINA,31/08/2019,SRS5110338,SRP215159,MicroN,21/06/2016,Austria,soil,47.49 N 14.10 E
520,fastq run.zq sra,gs s3 sra-sos,gs.US s3.us-east-1 sra-sos.be-md sra-sos.st-va,SRX6458892,SAMPLE.433.MA7.90,10,6,SRR9700986,AMPLICON,PRJNA551019,SAMN12137455,Metagenome or environmental,UNIVERSITY OF VIENNA,public,0,Illumina MiSeq,PAIRED,PCR,GENOMIC,17/07/2019,soil metagenome,ILLUMINA,31/08/2019,SRS5110338,SRP215159,MicroN,21/06/2016,Austria,soil,47.49 N 14.10 E
520,fastq run.zq sra,gs s3 sra-sos,gs.US s3.us-east-1 sra-sos.be-md sra-sos.st-va,SRX6458891,SAMPLE.435.MA8.90,7,5,SRR9700987,AMPLICON,PRJNA551019,SAMN12137455,Metagenome or environmental,UNIVERSITY OF VIENNA,public,0,Illumina MiSeq,PAIRED,PCR,GENOMIC,17/07/2019,soil metagenome,ILLUMINA,31/08/2019,SRS5110338,SRP215159,MicroN,21/06/2016,Austria,soil,47.49 N 14.10 E
521,fastq run.zq sra,gs s3,gs.US s3.us-east-1,SRX6458890,SAMPLE.429.MA5.90,5,3,SRR9700988,AMPLICON,PRJNA551019,SAMN12137455,Metagenome or environmental,UNIVERSITY OF VIENNA,public,0,Illumina MiSeq,PAIRED,PCR,GENOMIC,17/07/2019,soil metagenome,ILLUMINA,31/08/2019,SRS5110338,SRP215159,MicroN,21/06/2016,Austria,soil,47.49 N 14.10 E
519,fastq run.zq sra,gs s3,gs.US s3.us-east-1,SRX6458889,SAMPLE.431.MA6.90,3,2,SRR9700989,AMPLICON,PRJNA551019,SAMN12137455,Metagenome or environmental,UNIVERSITY OF VIENNA,public,0,Illumina MiSeq,PAIRED,PCR,GENOMIC,17/07/2019,soil metagenome,ILLUMINA,31/08/2019,SRS5110338,SRP215159,MicroN,21/06/2016,Austria,soil,47.49 N 14.10 E
519,fastq run.zq sra,gs s3,gs.US s3.us-east-1,SRX6458888,SAMPLE.425.MF.II.7.60,9,6,SRR9700990,AMPLICON,PRJNA551019,SAMN12137455,Metagenome or environmental,UNIVERSITY OF VIENNA,public,0,Illumina MiSeq,PAIRED,PCR,GENOMIC,17/07/2019,soil metagenome,ILLUMINA,31/08/2019,SRS5110338,SRP215159,MicroN,21/06/2016,Austria,soil,47.49 N 14.10 E
521,fastq run.zq sra,gs s3,gs.US s3.us-east-1,SRX6458887,SAMPLE.427.MF.II.8.60,3,2,SRR9700991,AMPLICON,PRJNA551019,SAMN12137455,Metagenome or environmental,UNIVERSITY OF VIENNA,public,0,Illumina MiSeq,PAIRED,PCR,GENOMIC,17/07/2019,soil metagenome,ILLUMINA,31/08/2019,SRS5110338,SRP215159,MicroN,21/06/2016,Austria,soil,47.49 N 14.10 E
516,fastq run.zq sra,gs s3,gs.US s3.us-east-1,SRX6458886,SAMPLE.821.MA7.30,15,9,SRR9700992,AMPLICON,PRJNA551019,SAMN12137455,Metagenome or environmental,UNIVERSITY OF VIENNA,public,0,Illumina MiSeq,PAIRED,PCR,GENOMIC,17/07/2019,soil metagenome,ILLUMINA,31/08/2019,SRS5110338,SRP215159,MicroN,21/06/2016,Austria,soil,47.49 N 14.10 E
518,fastq run.zq sra,gs s3,gs.US s3.us-east-1,SRX6458885,SAMPLE.819.MA6.30,12,7,SRR9700993,AMPLICON,PRJNA551019,SAMN12137455,Metagenome or environmental,UNIVERSITY OF VIENNA,public,0,Illumina MiSeq,PAIRED,PCR,GENOMIC,17/07/2019,soil metagenome,ILLUMINA,31/08/2019,SRS5110338,SRP215159,MicroN,21/06/2016,Austria,soil,47.49 N 14.10 E
517,fastq run.zq sra,gs s3,gs.US s3.us-east-1,SRX6458884,SAMPLE.817.MA5.30,15,9,SRR9700994,AMPLICON,PRJNA551019,SAMN12137455,Metagenome or environmental,UNIVERSITY OF VIENNA,public,0,Illumina MiSeq,PAIRED,PCR,GENOMIC,17/07/2019,soil metagenome,ILLUMINA,31/08/2019,SRS5110338,SRP215159,MicroN,21/06/2016,Austria,soil,47.49 N 14.10 E
517,fastq run.zq sra,gs s3 sra-sos,gs.US s3.us-east-1 sra-sos.be-md sra-sos.st-va,SRX6458883,SAMPLE.815.MF.II.8.15,7,4,SRR9700995,AMPLICON,PRJNA551019,SAMN12137455,Metagenome or environmental,UNIVERSITY OF VIENNA,public,0,Illumina MiSeq,PAIRED,PCR,GENOMIC,17/07/2019,soil metagenome,ILLUMINA,31/08/2019,SRS5110338,SRP215159,MicroN,21/06/2016,Austria,soil,47.49 N 14.10 E
519,fastq run.zq sra,gs s3 sra-sos,gs.US s3.us-east-1 sra-sos.be-md sra-sos.st-va,SRX6458882,SAMPLE.813.MF.II.7.15,22,12,SRR9700996,AMPLICON,PRJNA551019,SAMN12137455,Metagenome or environmental,UNIVERSITY OF VIENNA,public,0,Illumina MiSeq,PAIRED,PCR,GENOMIC,17/07/2019,soil metagenome,ILLUMINA,31/08/2019,SRS5110338,SRP215159,MicroN,21/06/2016,Austria,soil,47.49 N 14.10 E
518,fastq run.zq sra,gs s3 sra-sos,gs.US s3.us-east-1 sra-sos.be-md sra-sos.st-va,SRX6458881,SAMPLE.811.MF.II6.15,5,3,SRR9700997,AMPLICON,PRJNA551019,SAMN12137455,Metagenome or environmental,UNIVERSITY OF VIENNA,public,0,Illumina MiSeq,PAIRED,PCR,GENOMIC,17/07/2019,soil metagenome,ILLUMINA,31/08/2019,SRS5110338,SRP215159,MicroN,21/06/2016,Austria,soil,47.49 N 14.10 E
516,fastq run.zq sra,gs s3 sra-sos,gs.US s3.us-east-1 sra-sos.be-md sra-sos.st-va,SRX6458880,SAMPLE.809.MF.II.5.15,5,3,SRR9700998,AMPLICON,PRJNA551019,SAMN12137455,Metagenome or environmental,UNIVERSITY OF VIENNA,public,0,Illumina MiSeq,PAIRED,PCR,GENOMIC,17/07/2019,soil metagenome,ILLUMINA,31/08/2019,SRS5110338,SRP215159,MicroN,21/06/2016,Austria,soil,47.49 N 14.10 E
517,fastq run.zq sra,gs s3 sra-sos,gs.US s3.us-east-1 sra-sos.be-md sra-sos.st-va,SRX6458879,SAMPLE.807.MP.8.15,1,0,SRR9700999,AMPLICON,PRJNA551019,SAMN12137455,Metagenome or environmental,UNIVERSITY OF VIENNA,public,0,Illumina MiSeq,PAIRED,PCR,GENOMIC,17/07/2019,soil metagenome,ILLUMINA,31/08/2019,SRS5110338,SRP215159,MicroN,21/06/2016,Austria,soil,47.49 N 14.10 E
517,fastq run.zq sra,gs s3,gs.US s3.us-east-1,SRX6458878,SAMPLE.805.MP.7.15,2,1,SRR9701000,AMPLICON,PRJNA551019,SAMN12137455,Metagenome or environmental,UNIVERSITY OF VIENNA,public,0,Illumina MiSeq,PAIRED,PCR,GENOMIC,17/07/2019,soil metagenome,ILLUMINA,31/08/2019,SRS5110338,SRP215159,MicroN,21/06/2016,Austria,soil,47.49 N 14.10 E
516,fastq run.zq sra,gs s3 sra-sos,gs.US s3.us-east-1 sra-sos.be-md sra-sos.st-va,SRX6458877,SAMPLE.803.MP.6.15,6,3,SRR9701001,AMPLICON,PRJNA551019,SAMN12137455,Metagenome or environmental,UNIVERSITY OF VIENNA,public,0,Illumina MiSeq,PAIRED,PCR,GENOMIC,17/07/2019,soil metagenome,ILLUMINA,31/08/2019,SRS5110338,SRP215159,MicroN,21/06/2016,Austria,soil,47.49 N 14.10 E
522,fastq run.zq sra,gs s3,gs.US s3.us-east-1,SRX6458876,SAMPLE.419.MP.8.60,6,3,SRR9701002,AMPLICON,PRJNA551019,SAMN12137455,Metagenome or environmental,UNIVERSITY OF VIENNA,public,0,Illumina MiSeq,PAIRED,PCR,GENOMIC,17/07/2019,soil metagenome,ILLUMINA,31/08/2019,SRS5110338,SRP215159,MicroN,21/06/2016,Austria,soil,47.49 N 14.10 E
521,fastq run.zq sra,gs s3,gs.US s3.us-east-1,SRX6458875,SAMPLE.417.MP.7.60,8,5,SRR9701003,AMPLICON,PRJNA551019,SAMN12137455,Metagenome or environmental,UNIVERSITY OF VIENNA,public,0,Illumina MiSeq,PAIRED,PCR,GENOMIC,17/07/2019,soil metagenome,ILLUMINA,31/08/2019,SRS5110338,SRP215159,MicroN,21/06/2016,Austria,soil,47.49 N 14.10 E
519,fastq run.zq sra,gs s3,gs.US s3.us-east-1,SRX6458874,SAMPLE.407.MA6.60,2,1,SRR9701004,AMPLICON,PRJNA551019,SAMN12137455,Metagenome or environmental,UNIVERSITY OF VIENNA,public,0,Illumina MiSeq,PAIRED,PCR,GENOMIC,17/07/2019,soil metagenome,ILLUMINA,31/08/2019,SRS5110338,SRP215159,MicroN,21/06/2016,Austria,soil,47.49 N 14.10 E
519,fastq run.zq sra,gs s3,gs.US s3.us-east-1,SRX6458873,SAMPLE.405.MA5.60,8,5,SRR9701005,AMPLICON,PRJNA551019,SAMN12137455,Metagenome or environmental,UNIVERSITY OF VIENNA,public,0,Illumina MiSeq,PAIRED,PCR,GENOMIC,17/07/2019,soil metagenome,ILLUMINA,31/08/2019,SRS5110338,SRP215159,MicroN,21/06/2016,Austria,soil,47.49 N 14.10 E
519,fastq run.zq sra,gs s3,gs.US s3.us-east-1,SRX6458872,SAMPLE.403.MF.II.8.30,11,7,SRR9701006,AMPLICON,PRJNA551019,SAMN12137455,Metagenome or environmental,UNIVERSITY OF VIENNA,public,0,Illumina MiSeq,PAIRED,PCR,GENOMIC,17/07/2019,soil metagenome,ILLUMINA,31/08/2019,SRS5110338,SRP215159,MicroN,21/06/2016,Austria,soil,47.49 N 14.10 E
520,fastq run.zq sra,gs s3 sra-sos,gs.US s3.us-east-1 sra-sos.be-md sra-sos.st-va,SRX6458871,SAMPLE.401.MF.II.7.30,6,4,SRR9701007,AMPLICON,PRJNA551019,SAMN12137455,Metagenome or environmental,UNIVERSITY OF VIENNA,public,0,Illumina MiSeq,PAIRED,PCR,GENOMIC,17/07/2019,soil metagenome,ILLUMINA,31/08/2019,SRS5110338,SRP215159,MicroN,21/06/2016,Austria,soil,47.49 N 14.10 E
519,fastq run.zq sra,gs s3,gs.US s3.us-east-1,SRX6458870,SAMPLE.415.MP.6.60,6,4,SRR9701008,AMPLICON,PRJNA551019,SAMN12137455,Metagenome or environmental,UNIVERSITY OF VIENNA,public,0,Illumina MiSeq,PAIRED,PCR,GENOMIC,17/07/2019,soil metagenome,ILLUMINA,31/08/2019,SRS5110338,SRP215159,MicroN,21/06/2016,Austria,soil,47.49 N 14.10 E
521,fastq run.zq sra,gs s3,gs.US s3.us-east-1,SRX6458869,SAMPLE.413.MP.5.60,6,3,SRR9701009,AMPLICON,PRJNA551019,SAMN12137455,Metagenome or environmental,UNIVERSITY OF VIENNA,public,0,Illumina MiSeq,PAIRED,PCR,GENOMIC,17/07/2019,soil metagenome,ILLUMINA,31/08/2019,SRS5110338,SRP215159,MicroN,21/06/2016,Austria,soil,47.49 N 14.10 E
520,fastq run.zq sra,gs s3 sra-sos,gs.US s3.us-east-1 sra-sos.be-md sra-sos.st-va,SRX6458868,SAMPLE.411.MA8.60,7,4,SRR9701010,AMPLICON,PRJNA551019,SAMN12137455,Metagenome or environmental,UNIVERSITY OF VIENNA,public,0,Illumina MiSeq,PAIRED,PCR,GENOMIC,17/07/2019,soil metagenome,ILLUMINA,31/08/2019,SRS5110338,SRP215159,MicroN,21/06/2016,Austria,soil,47.49 N 14.10 E
521,fastq run.zq sra,gs s3,gs.US s3.us-east-1,SRX6458867,SAMPLE.409.MA7.60,4,3,SRR9701011,AMPLICON,PRJNA551019,SAMN12137455,Metagenome or environmental,UNIVERSITY OF VIENNA,public,0,Illumina MiSeq,PAIRED,PCR,GENOMIC,17/07/2019,soil metagenome,ILLUMINA,31/08/2019,SRS5110338,SRP215159,MicroN,21/06/2016,Austria,soil,47.49 N 14.10 E
517,fastq run.zq sra,gs s3,gs.US s3.us-east-1,SRX6458866,SAMPLE.839.MF.II.8.30,7,4,SRR9701012,AMPLICON,PRJNA551019,SAMN12137455,Metagenome or environmental,UNIVERSITY OF VIENNA,public,0,Illumina MiSeq,PAIRED,PCR,GENOMIC,17/07/2019,soil metagenome,ILLUMINA,31/08/2019,SRS5110338,SRP215159,MicroN,21/06/2016,Austria,soil,47.49 N 14.10 E
516,fastq run.zq sra,gs s3,gs.US s3.us-east-1,SRX6458865,SAMPLE.841.MA5.60,11,6,SRR9701013,AMPLICON,PRJNA551019,SAMN12137455,Metagenome or environmental,UNIVERSITY OF VIENNA,public,0,Illumina MiSeq,PAIRED,PCR,GENOMIC,17/07/2019,soil metagenome,ILLUMINA,31/08/2019,SRS5110338,SRP215159,MicroN,21/06/2016,Austria,soil,47.49 N 14.10 E
519,fastq run.zq sra,gs s3,gs.US s3.us-east-1,SRX6458864,SAMPLE.421.MF.II.5.60,9,5,SRR9701014,AMPLICON,PRJNA551019,SAMN12137455,Metagenome or environmental,UNIVERSITY OF VIENNA,public,0,Illumina MiSeq,PAIRED,PCR,GENOMIC,17/07/2019,soil metagenome,ILLUMINA,31/08/2019,SRS5110338,SRP215159,MicroN,21/06/2016,Austria,soil,47.49 N 14.10 E
516,fastq run.zq sra,gs s3 sra-sos,gs.US s3.us-east-1 sra-sos.be-md sra-sos.st-va,SRX6458863,SAMPLE.827.MP.6.30,6,3,SRR9701015,AMPLICON,PRJNA551019,SAMN12137455,Metagenome or environmental,UNIVERSITY OF VIENNA,public,0,Illumina MiSeq,PAIRED,PCR,GENOMIC,17/07/2019,soil metagenome,ILLUMINA,31/08/2019,SRS5110338,SRP215159,MicroN,21/06/2016,Austria,soil,47.49 N 14.10 E
516,fastq run.zq sra,gs s3,gs.US s3.us-east-1,SRX6458862,SAMPLE.829.MP.7.30,7,4,SRR9701016,AMPLICON,PRJNA551019,SAMN12137455,Metagenome or environmental,UNIVERSITY OF VIENNA,public,0,Illumina MiSeq,PAIRED,PCR,GENOMIC,17/07/2019,soil metagenome,ILLUMINA,31/08/2019,SRS5110338,SRP215159,MicroN,21/06/2016,Austria,soil,47.49 N 14.10 E
517,fastq run.zq sra,gs s3,gs.US s3.us-east-1,SRX6458861,SAMPLE.823.MA8.30,9,5,SRR9701017,AMPLICON,PRJNA551019,SAMN12137455,Metagenome or environmental,UNIVERSITY OF VIENNA,public,0,Illumina MiSeq,PAIRED,PCR,GENOMIC,17/07/2019,soil metagenome,ILLUMINA,31/08/2019,SRS5110338,SRP215159,MicroN,21/06/2016,Austria,soil,47.49 N 14.10 E
517,fastq run.zq sra,gs s3,gs.US s3.us-east-1,SRX6458860,SAMPLE.825.MP.5.30,11,6,SRR9701018,AMPLICON,PRJNA551019,SAMN12137455,Metagenome or environmental,UNIVERSITY OF VIENNA,public,0,Illumina MiSeq,PAIRED,PCR,GENOMIC,17/07/2019,soil metagenome,ILLUMINA,31/08/2019,SRS5110338,SRP215159,MicroN,21/06/2016,Austria,soil,47.49 N 14.10 E
516,fastq run.zq sra,gs s3,gs.US s3.us-east-1,SRX6458859,SAMPLE.835.MF.II6.30,11,6,SRR9701019,AMPLICON,PRJNA551019,SAMN12137455,Metagenome or environmental,UNIVERSITY OF VIENNA,public,0,Illumina MiSeq,PAIRED,PCR,GENOMIC,17/07/2019,soil metagenome,ILLUMINA,31/08/2019,SRS5110338,SRP215159,MicroN,21/06/2016,Austria,soil,47.49 N 14.10 E
517,fastq run.zq sra,gs s3,gs.US s3.us-east-1,SRX6458858,SAMPLE.837.MF.II.7.30,9,5,SRR9701020,AMPLICON,PRJNA551019,SAMN12137455,Metagenome or environmental,UNIVERSITY OF VIENNA,public,0,Illumina MiSeq,PAIRED,PCR,GENOMIC,17/07/2019,soil metagenome,ILLUMINA,31/08/2019,SRS5110338,SRP215159,MicroN,21/06/2016,Austria,soil,47.49 N 14.10 E
517,fastq run.zq sra,gs s3,gs.US s3.us-east-1,SRX6458857,SAMPLE.831.MP.8.30,9,5,SRR9701021,AMPLICON,PRJNA551019,SAMN12137455,Metagenome or environmental,UNIVERSITY OF VIENNA,public,0,Illumina MiSeq,PAIRED,PCR,GENOMIC,17/07/2019,soil metagenome,ILLUMINA,31/08/2019,SRS5110338,SRP215159,MicroN,21/06/2016,Austria,soil,47.49 N 14.10 E
517,fastq run.zq sra,gs s3,gs.US s3.us-east-1,SRX6458856,SAMPLE.833.MF.II.5.30,9,5,SRR9701022,AMPLICON,PRJNA551019,SAMN12137455,Metagenome or environmental,UNIVERSITY OF VIENNA,public,0,Illumina MiSeq,PAIRED,PCR,GENOMIC,17/07/2019,soil metagenome,ILLUMINA,31/08/2019,SRS5110338,SRP215159,MicroN,21/06/2016,Austria,soil,47.49 N 14.10 E
